mins,area,time,Arc_lenght,hullArea,radius,roundness,roundness2,compact,eccentricity,lNumWaSh,leaf
13760.0,4.103473720849287,2017-11-10 13:20:00,52.870057225227356,120.5,9.0,0.3529067456818758,0.5417230936900133,0.6514522821576764,0.9403818531504576,,2
13775.0,4.304624393439938,2017-11-10 13:35:00,52.28427076339722,123.0,9.0,0.386141998495081,0.5654222120820829,0.6829268292682927,0.9385930693095412,,2
13790.0,4.666695604103111,2017-11-10 13:50:00,54.28427076339722,130.5,9.0,0.3923283351116062,0.5565092144789631,0.7049808429118773,0.9431524077559296,,2
13805.0,4.465544931512459,2017-11-10 14:05:00,54.28427076339722,129.0,9.0,0.3710061429859754,0.5501125568412739,0.6744186046511628,0.9467197747509294,,2
13820.0,4.54600520054872,2017-11-10 14:20:00,54.870057225227356,128.0,9.0,0.3693875965733345,0.5342555069083258,0.69140625,0.9413933727782527,,2
13835.0,4.465544931512459,2017-11-10 14:35:00,54.28427076339722,128.0,9.0,0.3710061429859754,0.5458481184161478,0.6796875,0.939345777851454,,2
13850.0,4.666695604103111,2017-11-10 14:50:00,57.11269783973694,133.0,10.0,0.3505790060495319,0.5123847011493159,0.6842105263157895,0.9399740262682894,,2
13865.0,4.304624393439938,2017-11-10 15:05:00,53.4558436870575,120.5,9.0,0.36500396291030746,0.5299153919360488,0.6887966804979253,0.939446068843826,,2
13880.0,4.666695604103111,2017-11-10 15:20:00,55.69848430156708,132.5,9.0,0.3706331015793272,0.5367091361667854,0.690566037735849,0.949522117904482,,2
13895.0,4.666695604103111,2017-11-10 15:35:00,55.69848430156708,134.0,10.0,0.3706331015793272,0.5427850886516924,0.6828358208955224,0.94050912869805,,2
13910.0,4.264394258921808,2017-11-10 15:50:00,53.4558436870575,121.5,9.0,0.3606063248029543,0.5343130300434018,0.6748971193415638,0.9417078879833054,,2
13925.0,4.787386007657501,2017-11-10 16:05:00,56.5269113779068,134.0,10.0,0.3716474522085323,0.5269921544544267,0.7052238805970149,0.9403052917864644,,2
13940.0,4.747155873139372,2017-11-10 16:20:00,55.4558436870575,134.0,9.0,0.3800127593578893,0.5475452661715824,0.6940298507462687,0.9368036433818241,,2
13955.0,4.385084662476198,2017-11-10 16:35:00,56.28427076339722,124.5,10.0,0.3332077261131688,0.4938614512034466,0.6746987951807228,0.9433244727996696,,2
13970.0,4.505775066030589,2017-11-10 16:50:00,54.62741661071777,124.0,9.0,0.3663597813456306,0.5221679642167608,0.7016129032258065,0.944281063265996,,2
13985.0,4.666695604103111,2017-11-10 17:05:00,54.870057225227356,132.0,9.0,0.3819092100164985,0.550950991499211,0.6931818181818182,0.9411443404195724,,2
14000.0,4.505775066030589,2017-11-10 17:20:00,54.870057225227356,130.0,10.0,0.3652137254256133,0.5426032492037683,0.6730769230769231,0.9420412882107612,,2
14015.0,4.54600520054872,2017-11-10 17:35:00,55.69848430156708,131.0,10.0,0.3584811966095133,0.5306331836818784,0.6755725190839694,0.943333840466526,,2
14030.0,4.4253147969943285,2017-11-10 17:50:00,54.28427076339722,128.5,9.0,0.3667417045608493,0.5479803376287108,0.669260700389105,0.9462914100309008,,2
14765.0,4.62646546958498,2017-11-11 06:05:00,56.870057225227356,136.0,10.0,0.3477487429902326,0.5284226709125323,0.6580882352941176,0.9462219406864596,,2
14780.0,4.304624393439938,2017-11-11 06:20:00,56.5269113779068,130.0,10.0,0.3244541249439567,0.5112610453662348,0.6346153846153846,0.9430535304906252,,2
14795.0,4.385084662476198,2017-11-11 06:35:00,56.870057225227356,134.5,10.0,0.3244359780970327,0.5225944796892322,0.620817843866171,0.9477304676398072,,2
14810.0,4.505775066030589,2017-11-11 06:50:00,56.870057225227356,133.5,10.0,0.3360923605436326,0.5187090188736989,0.6479400749063671,0.9483461943402224,,2
14825.0,4.2241641244036785,2017-11-11 07:05:00,56.870057225227356,132.0,10.0,0.30889413483489936,0.5128808276503989,0.6022727272727273,0.9420955368900108,,2
14840.0,4.747155873139372,2017-11-11 07:20:00,56.870057225227356,139.0,10.0,0.3594051254368325,0.5400790533591322,0.6654676258992805,0.9450343615823916,,2
14855.0,4.4253147969943285,2017-11-11 07:35:00,56.870057225227356,133.0,10.0,0.32832143891256604,0.5167662884659322,0.6353383458646616,0.944638506319192,,2
14870.0,4.54600520054872,2017-11-11 07:50:00,56.870057225227356,136.0,10.0,0.3399778213591659,0.5284226709125323,0.6433823529411765,0.9370406858710276,,2
14885.0,4.344854527958068,2017-11-11 08:05:00,56.870057225227356,135.0,10.0,0.32055051728149925,0.5245372100969988,0.6111111111111112,0.9449009914901696,,2
14900.0,4.4253147969943285,2017-11-11 08:20:00,57.4558436870575,135.0,10.0,0.3197574983889089,0.5138959795536036,0.6222222222222222,0.9447257104488292,,2
14915.0,4.2241641244036785,2017-11-11 08:35:00,56.62741661071777,127.0,10.0,0.3095875283290956,0.497691343010065,0.6220472440944882,0.946432541627252,,2
14930.0,4.385084662476198,2017-11-11 08:50:00,54.870057225227356,132.5,10.0,0.35269211198244943,0.5530379270730716,0.6377358490566037,0.9402939731667688,,2
14945.0,4.304624393439938,2017-11-11 09:05:00,55.4558436870575,130.0,10.0,0.3350650136273862,0.5312006313604904,0.6307692307692307,0.9473560706083416,,2
14960.0,4.264394258921808,2017-11-11 09:20:00,57.4558436870575,129.5,10.0,0.3045309508465799,0.4929594766829011,0.6177606177606177,0.9418874930887357,,2
14975.0,4.264394258921808,2017-11-11 09:35:00,56.28427076339722,131.0,10.0,0.3213074501805556,0.5196453823907751,0.6183206106870229,0.9397189405337107,,2
14990.0,4.54600520054872,2017-11-11 09:50:00,57.69848430156708,139.0,10.0,0.33028519555502306,0.5246816249388366,0.6294964028776978,0.9424236118275692,,2
15005.0,4.344854527958068,2017-11-11 10:05:00,55.798989534378045,127.0,10.0,0.3309566010654446,0.5125791260403838,0.6456692913385826,0.9425424861270096,,2
15020.0,4.264394258921808,2017-11-11 10:20:00,56.62741661071777,129.5,10.0,0.3135063578016157,0.5074884166913655,0.6177606177606177,0.9418874930887357,,2
15035.0,4.4253147969943285,2017-11-11 10:35:00,56.870057225227356,134.0,10.0,0.32832143891256604,0.5206517492814655,0.6305970149253731,0.94178376036851,,2
15050.0,4.385084662476198,2017-11-11 10:50:00,56.870057225227356,136.0,10.0,0.3244359780970327,0.5284226709125323,0.6139705882352942,0.94232560441106,,2
15065.0,4.385084662476198,2017-11-11 11:05:00,58.041630148887634,135.5,10.0,0.3077404678049445,0.5054404046978179,0.6088560885608856,0.9426256550799488,,2
15080.0,4.385084662476198,2017-11-11 11:20:00,56.041630148887634,134.5,10.0,0.3340987265156914,0.5381590265432393,0.620817843866171,0.9414269438008286,,2
15095.0,4.54600520054872,2017-11-11 11:35:00,57.69848430156708,142.0,10.0,0.33028519555502306,0.5360056887864375,0.6161971830985915,0.9468551011176568,,2
15110.0,4.224164124403679,2017-11-11 11:50:00,56.62741661071777,132.0,10.0,0.3095875283290956,0.517285490372666,0.5984848484848485,0.9446125180709712,,2
15125.0,4.385084662476198,2017-11-11 12:05:00,58.28427076339722,139.5,10.0,0.3070331174785847,0.5160375890152116,0.5949820788530465,0.9442676358721216,,2
15140.0,4.62646546958498,2017-11-11 12:20:00,56.870057225227356,140.0,10.0,0.3477487429902326,0.5439645141746655,0.6392857142857142,0.9467407789921723,,2
15155.0,4.304624393439938,2017-11-11 12:35:00,55.4558436870575,134.0,10.0,0.3350650136273862,0.5475452661715824,0.6119402985074627,0.9425892272757496,,2
15170.0,4.54600520054872,2017-11-11 12:50:00,58.041630148887634,140.0,10.0,0.3226612177591236,0.5222262483962694,0.6178571428571429,0.9436935880039704,,2
15185.0,4.385084662476198,2017-11-11 13:05:00,57.69848430156708,137.0,10.0,0.31518644375822197,0.5171322490404362,0.6094890510948905,0.9361355796883739,,2
15200.0,4.5862353350668466,2017-11-11 13:20:00,58.28427076339722,145.5,10.0,0.32552908841102945,0.5382327541341454,0.6048109965635738,0.9415263874139432,,2
15215.0,4.2241641244036785,2017-11-11 13:35:00,56.870057225227356,135.5,10.0,0.30889413483489936,0.5264799405047655,0.5867158671586716,0.937449583062608,,2
15230.0,4.787386007657501,2017-11-11 13:50:00,59.11269783973694,151.0,10.0,0.334450039446062,0.5430317844769393,0.6158940397350994,0.9398873369650718,,2
15245.0,4.4253147969943285,2017-11-11 14:05:00,56.870057225227356,135.5,10.0,0.32832143891256604,0.5264799405047655,0.6236162361623616,0.9363627756102672,,2
15260.0,4.505775066030589,2017-11-11 14:20:00,56.870057225227356,137.5,10.0,0.3360923605436326,0.5342508621358322,0.6290909090909091,0.9390437673252195,,2
15275.0,4.867846276693762,2017-11-11 14:35:00,59.11269783973694,151.5,10.0,0.34164251341264396,0.5448299029685849,0.6270627062706271,0.9394236600782908,,2
15290.0,4.747155873139372,2017-11-11 14:50:00,59.69848430156708,153.5,10.0,0.32262970300618216,0.5412421793600979,0.5960912052117264,0.9435601951887704,,2
15305.0,4.505775066030589,2017-11-11 15:05:00,56.62741661071777,135.5,10.0,0.3370193346367369,0.5310013935264867,0.6346863468634686,0.9433893347130644,,2
15320.0,4.747155873139372,2017-11-11 15:20:00,57.69848430156708,145.0,10.0,0.3491586353010244,0.5473297526340383,0.6379310344827587,0.9378865280052252,,2
15335.0,4.908076411211892,2017-11-11 15:35:00,59.69848430156708,152.5,10.0,0.3367337337386929,0.5377161716769703,0.6262295081967213,0.9433573700043096,,2
15350.0,4.827616142175631,2017-11-11 15:50:00,59.11269783973694,150.5,10.0,0.33804627642935303,0.5412336659852939,0.6245847176079734,0.9385002261118868,,2
15365.0,4.747155873139372,2017-11-11 16:05:00,59.69848430156708,149.5,10.0,0.32262970300618216,0.5271381486275872,0.6120401337792643,0.9425402763482272,,2
15380.0,4.827616142175631,2017-11-11 16:20:00,59.94112491607666,152.5,10.0,0.3287667885626766,0.5333716516575339,0.6163934426229508,0.9421986409393364,,2
15395.0,4.505775066030589,2017-11-11 16:35:00,57.4558436870575,138.5,10.0,0.3273707721600734,0.5272192086531414,0.6209386281588448,0.941210783110538,,2
15410.0,4.505775066030589,2017-11-11 16:50:00,58.041630148887634,139.0,10.0,0.31893103027057884,0.5184960609077246,0.6151079136690647,0.9341599363994102,,2
15425.0,4.62646546958498,2017-11-11 17:05:00,58.28427076339722,145.5,10.0,0.3292282825975185,0.5382327541341454,0.6116838487972509,0.935699923960154,,2
15440.0,4.9080764112118915,2017-11-11 17:20:00,60.5269113779068,150.0,10.0,0.3275791184131581,0.5145221755180495,0.6366666666666667,0.9379557699462828,,2
15455.0,4.827616142175631,2017-11-11 17:35:00,58.28427076339722,147.5,10.0,0.3477242535299633,0.5456311425071233,0.6372881355932203,0.93958086591955,,2
15470.0,4.666695604103111,2017-11-11 17:50:00,58.28427076339722,146.5,10.0,0.3329274767840075,0.5419319483206343,0.6143344709897611,0.9432049051108404,,2
16205.0,5.390838025429456,2017-11-12 06:05:00,63.11269783973694,157.0,11.0,0.3344122971378826,0.4953087797230903,0.6751592356687898,0.9385552022463824,,2
16220.0,5.270147621875063,2017-11-12 06:20:00,63.94112491607666,153.5,11.0,0.3165822370744921,0.4717997416595586,0.6710097719869706,0.9381616092096944,,2
16235.0,5.189687352838804,2017-11-12 06:35:00,63.35533845424652,161.5,11.0,0.31776749882079885,0.5056103552665913,0.6284829721362231,0.9412371075714688,,2
16250.0,5.189687352838804,2017-11-12 06:50:00,64.76955199241638,162.0,11.0,0.302544631957928,0.4852696076948944,0.6234567901234568,0.9411469097353896,,2
16265.0,5.028766814766283,2017-11-12 07:05:00,65.01219260692596,158.5,11.0,0.28988440562044504,0.4712479824701594,0.6151419558359621,0.9405086704724088,,2
16280.0,5.229917487356933,2017-11-12 07:20:00,63.5979790687561,159.5,11.0,0.3200077216937473,0.4955459379626475,0.64576802507837,0.9407911807651876,,2
16295.0,5.189687352838804,2017-11-12 07:35:00,65.11269783973694,158.0,11.0,0.2964001942977681,0.4683123069904737,0.6329113924050633,0.941134508327486,,2
16310.0,4.988536680248153,2017-11-12 07:50:00,65.35533845424652,160.0,11.0,0.2809642731907065,0.4707254838797178,0.596875,0.934941442232778,,2
16325.0,5.028766814766283,2017-11-12 08:05:00,63.94112491607666,162.0,11.0,0.2981405533614149,0.4979254602530846,0.5987654320987654,0.9419590767149912,,2
16340.0,5.028766814766283,2017-11-12 08:20:00,66.5269113779068,158.5,11.0,0.27115555966291033,0.4500330492834689,0.6025236593059937,0.946135773709352,,2
16355.0,4.747155873139372,2017-11-12 08:35:00,65.11269783973694,155.5,11.0,0.2637961729250137,0.4609023021330295,0.5723472668810289,0.9435625872530636,,2
16370.0,5.068996949284413,2017-11-12 08:50:00,65.35533845424652,156.5,11.0,0.286848341739203,0.4604283639198489,0.6230031948881789,0.9403103441796186,,2
16385.0,5.310377756393193,2017-11-12 09:05:00,63.69848430156708,160.5,11.0,0.3205472215748262,0.4970804740363247,0.6448598130841121,0.9455271769274612,,2
16400.0,5.1494572183206735,2017-11-12 09:20:00,66.18376553058624,162.0,11.0,0.28544996840726977,0.4647527123816854,0.6141975308641975,0.9458849468591978,,2
16415.0,5.109227083802542,2017-11-12 09:35:00,68.18376553058624,160.5,11.0,0.26354362527046,0.4338333523682957,0.6074766355140186,0.9447570239503182,,2
16430.0,5.310377756393193,2017-11-12 09:50:00,66.76955199241638,168.5,11.0,0.2903288302197298,0.4749554164274221,0.6112759643916914,0.9470189218542704,,2
16445.0,5.431068159947586,2017-11-12 10:05:00,66.5269113779068,166.5,11.0,0.2995488119836339,0.4727476511400479,0.6336336336336337,0.9458945762880876,,2
16460.0,5.109227083802542,2017-11-12 10:20:00,68.76955199241638,163.0,11.0,0.2577443821665233,0.4331168483829207,0.5950920245398773,0.946268421320938,,2
16475.0,5.310377756393193,2017-11-12 10:35:00,67.94112491607666,165.5,11.0,0.2776799798696929,0.4505493791022959,0.6163141993957704,0.9474326319610926,,2
16490.0,5.189687352838804,2017-11-12 10:50:00,67.5979790687561,163.0,12.0,0.27500617105110803,0.4482600588133059,0.6134969325153374,0.9442264107150904,,2
16505.0,5.028766814766283,2017-11-12 11:05:00,67.45584368705751,157.0,11.0,0.2595963373177025,0.4335811165838222,0.5987261146496815,0.9456665535735808,,2
16520.0,5.431068159947586,2017-11-12 11:20:00,67.94112491607666,172.5,11.0,0.2858470381011545,0.4696058483090396,0.6086956521739131,0.950665722734816,,2
16535.0,5.511528428983847,2017-11-12 11:35:00,68.18376553058624,175.5,12.0,0.29057374068281483,0.474378525486828,0.6125356125356125,0.9460009610364049,,2
16550.0,5.431068159947586,2017-11-12 11:50:00,70.18376553058624,172.0,11.0,0.26659550557080164,0.438798344097396,0.6075581395348837,0.9463957522206718,,2
16565.0,5.954059908683279,2017-11-12 12:05:00,72.42640614509583,187.0,12.0,0.2802862895352892,0.4479789413940092,0.6256684491978609,0.9483443753847766,,2
16580.0,5.793139370610758,2017-11-12 12:20:00,70.76955199241637,179.0,12.0,0.2835276477880715,0.44912786685013095,0.6312849162011173,0.9406724097474676,,2
16595.0,6.034520177719539,2017-11-12 12:35:00,71.01219260692595,184.0,12.0,0.2977912444397289,0.4585237571289549,0.6494565217391305,0.9486617712196764,,2
16610.0,5.8735996396470185,2017-11-12 12:50:00,71.59797906875609,182.0,12.0,0.28190720535784025,0.44614879456632106,0.6318681318681318,0.9460136211991772,,2
16625.0,5.672448967056368,2017-11-12 13:05:00,69.01219260692596,174.0,12.0,0.2941935046694183,0.4591001776903927,0.6408045977011494,0.939704870030258,,2
16640.0,5.471298294465716,2017-11-12 13:20:00,67.94112491607666,171.5,12.0,0.2885693908449751,0.4668834955652191,0.6180758017492711,0.9463527994198856,,2
16655.0,5.390838025429456,2017-11-12 13:35:00,66.5269113779068,169.0,11.0,0.2967094867515616,0.4798459642202288,0.6183431952662722,0.9449757219700856,,2
16670.0,5.310377756393193,2017-11-12 13:50:00,68.18376553058624,169.0,11.0,0.27705868297663744,0.4568089504687973,0.606508875739645,0.9456285182260572,,2
16685.0,5.270147621875063,2017-11-12 14:05:00,71.59797906875609,167.0,12.0,0.24513670031116544,0.4093782895196463,0.5988023952095808,0.9431728984371004,,2
16700.0,5.229917487356933,2017-11-12 14:20:00,69.01219260692596,168.0,11.0,0.26516993021772683,0.4432691370803792,0.5982142857142857,0.9427823093698656,,2
16715.0,5.591988698020106,2017-11-12 14:35:00,71.01219260692595,178.5,12.0,0.2703794980896283,0.4448178839539047,0.6078431372549019,0.948322861163868,,2
16730.0,5.511528428983847,2017-11-12 14:50:00,71.3553384542465,175.0,12.0,0.2603810552769984,0.43191170306611104,0.6028571428571429,0.9472445890056814,,2
16745.0,5.511528428983847,2017-11-12 15:05:00,69.94112491607666,169.0,12.0,0.272301794283216,0.4341415399421085,0.6272189349112426,0.9436021714015396,,2
16760.0,5.591988698020106,2017-11-12 15:20:00,69.35533845424652,176.0,12.0,0.2834521864571765,0.4597934084466642,0.6164772727272727,0.9458120162898828,,2
16775.0,5.712679101574497,2017-11-12 15:35:00,73.01219260692595,179.0,12.0,0.2604841848183361,0.4219608061763091,0.61731843575419,0.947099166364826,,2
16790.0,6.034520177719539,2017-11-12 15:50:00,73.59797906875609,189.5,12.0,0.2737537600315065,0.4396299790336482,0.6226912928759895,0.9490316724189648,,2
16805.0,5.752909236092628,2017-11-12 16:05:00,72.76955199241637,182.5,12.0,0.2634107169760468,0.4330851878209779,0.6082191780821918,0.939749914242174,,2
16820.0,5.8735996396470185,2017-11-12 16:20:00,72.76955199241637,179.5,12.0,0.2705299255429669,0.4259659792540577,0.6350974930362117,0.9320786525334728,,2
17645.0,6.15521058127393,2017-11-13 06:05:00,77.01219260692595,188.0,12.0,0.25319713817944123,0.3983352466756063,0.6356382978723404,0.9477245341600592,,2
17660.0,5.833369505128888,2017-11-13 06:20:00,75.84061968326569,182.5,12.0,0.2457868482769194,0.3987208872047805,0.6164383561643836,0.9440436042884066,,2
17675.0,5.8735996396470185,2017-11-13 06:35:00,75.01219260692595,186.0,11.0,0.2534790118318888,0.4153929180681172,0.6102150537634409,0.9488395127771424,,2
17690.0,6.074750312237669,2017-11-13 06:50:00,77.01219260692595,188.5,12.0,0.24895952917225395,0.3993946489274031,0.623342175066313,0.9435667370964068,,2
17705.0,5.99429004320141,2017-11-13 07:05:00,75.84061968326569,188.0,12.0,0.25452593621565434,0.41073713312054094,0.6196808510638298,0.945040823856556,,2
17720.0,6.15521058127393,2017-11-13 07:20:00,75.49747383594513,191.5,12.0,0.2678682876190377,0.42219569612383306,0.6344647519582245,0.9470766281635138,,2
17735.0,6.19544071579206,2017-11-13 07:35:00,73.94112491607666,185.5,12.0,0.2781141767074876,0.4263651221424706,0.6522911051212938,0.9408915628683674,,2
17750.0,5.752909236092628,2017-11-13 07:50:00,75.01219260692595,184.5,12.0,0.2467791260565965,0.4120429751804711,0.5989159891598916,0.9378456017863396,,2
17765.0,6.235670850310191,2017-11-13 08:05:00,77.01219260692595,193.5,12.0,0.25743474718662857,0.4099886714453714,0.627906976744186,0.9462720419087828,,2
17780.0,6.436821522900843,2017-11-13 08:20:00,77.01219260692595,198.0,12.0,0.2680287697045968,0.4195232917115429,0.6388888888888888,0.9500153421558704,,2
17795.0,6.15521058127393,2017-11-13 08:35:00,80.08326029777527,194.0,12.0,0.23317035521780616,0.380126461447516,0.6134020618556701,0.945281722517198,,2
17810.0,6.316131119346451,2017-11-13 08:50:00,75.01219260692595,192.0,12.0,0.27804525967462684,0.4287926896187017,0.6484375,0.9456104664443254,,2
17825.0,6.597742060973362,2017-11-13 09:05:00,79.59797906875609,197.0,12.0,0.2558559325069518,0.3907257263865853,0.6548223350253807,0.9452944039056542,,2
17840.0,7.120733809709058,2017-11-13 09:20:00,79.3553384542465,210.5,13.0,0.2823670439748967,0.420058394040394,0.672209026128266,0.9498258925537354,,2
17855.0,6.597742060973362,2017-11-13 09:35:00,76.76955199241637,198.5,12.0,0.27718849723395705,0.4232455130841575,0.654911838790932,0.9539210144886878,,2
17870.0,7.120733809709058,2017-11-13 09:50:00,78.42640614509583,212.5,13.0,0.29216034806770674,0.4341543633873264,0.6729411764705883,0.9506530110070056,,2
17885.0,6.919583137118405,2017-11-13 10:05:00,79.84061968326569,207.5,13.0,0.2710595818621122,0.4090535508100966,0.6626506024096386,0.9465481082201724,,2
17900.0,6.919583137118405,2017-11-13 10:20:00,78.76955199241637,205.0,12.0,0.2774684961801117,0.4151900855249846,0.6682926829268293,0.9471857521076318,,2
17915.0,6.718432464527754,2017-11-13 10:35:00,78.76955199241637,198.5,13.0,0.2673419087282828,0.4020255218376071,0.6649874055415617,0.9523015887300028,,2
17930.0,6.8391228680821445,2017-11-13 10:50:00,79.25483322143555,205.5,13.0,0.2720804013592408,0.4111214888185587,0.6618004866180048,0.9458936029382421,,2
17950.0,7.050291669414947,2017-11-13 11:10:00,69.94112491607666,161.0,11.0,0.26973290943148753,0.4135904611282809,0.6521739130434783,0.9572183347195689,,2
17965.0,6.842930149726273,2017-11-13 11:25:00,71.59797906875609,160.0,11.0,0.2475880673142771,0.3922187204978647,0.63125,0.9499081151860288,,2
17980.0,7.102132049337118,2017-11-13 11:40:00,69.94112491607666,159.5,11.0,0.272301794283216,0.4097371338506882,0.664576802507837,0.9455463589040564,,2
17995.0,6.687409009959768,2017-11-13 11:55:00,67.5979790687561,154.5,11.0,0.27500617105110803,0.4248845342739618,0.6472491909385113,0.9480828976003428,,2
18010.0,7.050291669414947,2017-11-13 12:10:00,70.18376553058624,159.5,11.0,0.2691466587341586,0.4069089295554341,0.6614420062695925,0.9476831350598244,,2
18025.0,6.687409009959768,2017-11-13 12:25:00,69.94112491607666,156.5,11.0,0.2517507154693883,0.4020304792955029,0.6261980830670927,0.948912358662442,,2
18040.0,6.9984512894927775,2017-11-13 12:40:00,74.18376553058623,163.5,11.0,0.23405395339331264,0.3733445988273816,0.6269113149847095,0.9540313403204724,,2
18055.0,7.153972429259285,2017-11-13 12:55:00,72.18376553058623,162.5,11.0,0.2568504934738055,0.3919080299482948,0.6553846153846153,0.9549126156923194,,2
18070.0,7.102132049337118,2017-11-13 13:10:00,70.76955199241637,165.0,11.0,0.2659639881905803,0.4140005476551486,0.6424242424242425,0.9498768558631526,,2
18085.0,7.102132049337118,2017-11-13 13:25:00,71.01219260692595,166.5,11.0,0.2653955442077918,0.4149141606628857,0.6396396396396397,0.9430107717380096,,2
18100.0,6.9466109095706114,2017-11-13 13:40:00,72.18376553058623,160.0,11.0,0.24720352658277056,0.385878675641398,0.640625,0.9415300136927578,,2
18115.0,7.309493569025791,2017-11-13 13:55:00,73.01219260692595,164.0,11.0,0.2581268618788036,0.3866009620833223,0.6676829268292683,0.9474692986509052,,2
18130.0,7.2058128091814515,2017-11-13 14:10:00,70.18376553058624,164.5,11.0,0.27680011822422945,0.4196646953722189,0.6595744680851063,0.9542321197865246,,2
18145.0,7.050291669414947,2017-11-13 14:25:00,72.18376553058623,164.0,11.0,0.2520270100282881,0.3955256425324329,0.6371951219512195,0.9440558882921294,,2
18160.0,7.5168550887144665,2017-11-13 14:40:00,75.01219260692595,176.5,11.0,0.251245716573458,0.3941766131130252,0.6373937677053825,0.9506059459147224,,2
18175.0,7.050291669414947,2017-11-13 14:55:00,72.18376553058623,160.5,11.0,0.2520270100282881,0.38708454650277735,0.6510903426791277,0.9497769481110848,,2
18190.0,7.050291669414947,2017-11-13 15:10:00,72.76955199241637,158.5,11.0,0.2467992303198997,0.3761315192856164,0.6561514195583596,0.9427849214053636,,2
18205.0,6.894770529648441,2017-11-13 15:25:00,73.94112491607666,159.5,11.0,0.22984642703098146,0.3666050511144154,0.6269592476489029,0.9464489410092122,,2
18220.0,7.102132049337118,2017-11-13 15:40:00,72.18376553058623,164.0,11.0,0.2544387517510468,0.3955256425324329,0.6432926829268293,0.949225596426744,,2
18235.0,7.2058128091814515,2017-11-13 15:55:00,73.59797906875609,166.0,11.0,0.24823434172348474,0.3851112217392381,0.6445783132530121,0.938820465787119,,2
18250.0,7.153972429259285,2017-11-13 16:10:00,75.01219260692595,167.5,11.0,0.23561264976444285,0.37407695578714856,0.6298507462686567,0.948520921823932,,2
18265.0,6.894770529648441,2017-11-13 16:25:00,80.66904675960541,169.5,11.0,0.19020951772113706,0.3273148553678449,0.5811209439528023,0.9518437299353376,,2
18280.0,7.361333948947959,2017-11-13 16:40:00,71.59797906875609,168.0,11.0,0.2721017373453936,0.4118296565227579,0.6607142857142857,0.9468897846965344,,2
18295.0,6.9984512894927775,2017-11-13 16:55:00,73.11269783973694,159.5,11.0,0.2397863277575049,0.3749599929149218,0.6394984326018809,0.9463408663574846,,2
18310.0,7.361333948947959,2017-11-13 17:10:00,75.94112491607666,171.0,11.0,0.2353312314439172,0.3726077831195355,0.631578947368421,0.9445951708180942,,2
18325.0,7.050291669414947,2017-11-13 17:25:00,75.59797906875609,166.5,11.0,0.22867718195489,0.3661033730335497,0.6246246246246246,0.9467608532092662,,2
18340.0,7.413174328870128,2017-11-13 17:40:00,75.59797906875609,168.5,11.0,0.24187009629844136,0.3705010111480669,0.6528189910979229,0.9440110023200108,,2
18355.0,7.465014708792298,2017-11-13 17:55:00,77.84061968326569,172.5,11.0,0.22917095404145546,0.35775556173892364,0.6405797101449275,0.951421646326886,,3
19085.0,8.864704966690852,2017-11-14 06:05:00,81.01219260692595,205.5,12.0,0.2594468403711095,0.3934784184226052,0.6593673965936739,0.947794844042372,,2
19100.0,8.294460787546997,2017-11-14 06:20:00,80.42640614509583,198.0,12.0,0.24284130142830385,0.38466062146243335,0.6313131313131313,0.9461178824709808,,2
19115.0,8.449981927313504,2017-11-14 06:35:00,79.59797906875609,198.0,12.0,0.2538725531851925,0.3927091057083447,0.6464646464646465,0.9522951493991728,,2
19130.0,8.242620407624829,2017-11-14 06:50:00,83.01219260692595,200.0,12.0,0.22338920502053905,0.3647170694212883,0.6125,0.953725498178798,,2
19145.0,8.553662687157841,2017-11-14 07:05:00,81.01219260692595,198.0,12.0,0.24795841939526705,0.3791178922028021,0.6540404040404041,0.9547223116403204,,2
19160.0,8.294460787546997,2017-11-14 07:20:00,81.84061968326569,199.0,12.0,0.2335830888827035,0.3733577083346024,0.6256281407035176,0.9509826144048188,,2
19175.0,8.501822307235672,2017-11-14 07:35:00,81.25483322143555,200.5,12.0,0.2455280800772689,0.3816153492673831,0.6433915211970075,0.9424879214620844,,2
19190.0,8.657343447002177,2017-11-14 07:50:00,81.25483322143555,211.5,12.0,0.2512380354279031,0.4025518522197084,0.6241134751773051,0.9475824481117964,,2
19205.0,8.864704966690852,2017-11-14 08:05:00,79.59797906875609,211.5,12.0,0.26973958775926704,0.4194847265520954,0.6430260047281324,0.952809239343583,,2
19220.0,8.553662687157841,2017-11-14 08:20:00,79.01219260692595,203.0,12.0,0.2626831092779493,0.4086181699879212,0.6428571428571429,0.9427243536309532,,2
19235.0,8.968385726535189,2017-11-14 08:35:00,80.42640614509583,205.0,12.0,0.26809679677684745,0.3982597343424184,0.6731707317073171,0.9502248576585228,,2
19250.0,8.968385726535189,2017-11-14 08:50:00,80.18376553058623,208.5,12.0,0.2687445510049117,0.4075144646147207,0.6594724220623501,0.9528384805531072,,2
19265.0,8.968385726535189,2017-11-14 09:05:00,79.01219260692595,205.5,12.0,0.2787862883907738,0.4136504134606788,0.6739659367396593,0.94691945028533,,2
19280.0,9.434949145834713,2017-11-14 09:20:00,80.42640614509583,216.0,12.0,0.2855813704796853,0.4196297688681089,0.6805555555555556,0.9511655315771864,,2
19295.0,9.538629905679047,2017-11-14 09:35:00,82.18376553058623,215.5,12.0,0.27442887938174026,0.4009452441136612,0.6844547563805105,0.9504345923980012,,2
19310.0,9.072066486379526,2017-11-14 09:50:00,81.01219260692595,214.0,12.0,0.2671057876883379,0.4097536814717154,0.6518691588785047,0.9467887033700642,,2
19325.0,9.02022610645736,2017-11-14 10:05:00,80.42640614509583,206.5,12.0,0.2700395271882739,0.401173829959558,0.6731234866828087,0.9474136085876388,,2
19340.0,9.123906866301695,2017-11-14 10:20:00,83.25483322143555,214.5,12.0,0.253815996376469,0.3888823658768044,0.6526806526806527,0.945513737441259,,2
19355.0,10.005193324978565,2017-11-14 10:35:00,81.84061968326569,228.5,12.0,0.2954966787070345,0.4287047052987771,0.6892778993435449,0.9569724620002952,,2
19370.0,9.486789525756876,2017-11-14 10:50:00,80.42640614509583,219.0,12.0,0.2875241008911118,0.4254579601023884,0.6757990867579908,0.9504229212389104,,2
19385.0,9.538629905679047,2017-11-14 11:05:00,81.25483322143555,219.5,12.0,0.2835944490814967,0.4177783998213994,0.6788154897494305,0.9471202802641112,,2
19400.0,9.279428006068203,2017-11-14 11:20:00,83.25483322143555,220.0,12.0,0.25925491058453626,0.3988537085915942,0.65,0.9491442212046536,,3
19415.0,9.383108765912539,2017-11-14 11:35:00,85.25483322143555,221.0,12.0,0.24896273012654235,0.3820886344303184,0.6515837104072398,0.947593846933797,,2
19430.0,9.590470285601217,2017-11-14 11:50:00,83.01219260692595,222.0,12.0,0.2708024240453065,0.40483594705763,0.668918918918919,0.9443416985707994,,2
19445.0,9.745991425367725,2017-11-14 12:05:00,83.25483322143555,229.0,12.0,0.2755716532087378,0.41517045121579577,0.6637554585152838,0.9520662725782828,,2
19460.0,9.590470285601217,2017-11-14 12:20:00,84.66904675960541,232.0,12.0,0.2603076773012508,0.4066759672315838,0.6400862068965517,0.9533552208352236,,2
19475.0,9.434949145834713,2017-11-14 12:35:00,86.66904675960541,226.0,12.0,0.24174064204060505,0.3780857100427456,0.6393805309734514,0.947864412532904,,2
19490.0,9.279428006068203,2017-11-14 12:50:00,86.66904675960541,223.0,12.0,0.2367218051816305,0.3730668731837711,0.6345291479820628,0.9527784068613828,,2
19505.0,9.745991425367725,2017-11-14 13:05:00,88.18376553058624,228.5,12.0,0.2399711530782505,0.3692485419419544,0.649890590809628,0.9533787499652226,,3
19520.0,10.005193324978565,2017-11-14 13:20:00,85.84061968326569,233.0,13.0,0.26518842813535515,0.3973562942478312,0.6673819742489271,0.9538791950183326,,2
19535.0,9.79783180528989,2017-11-14 13:35:00,82.66904675960541,225.0,12.0,0.282248981895156,0.41372000603524495,0.6822222222222222,0.9534063929589726,,3
19550.0,10.316235604511578,2017-11-14 13:50:00,88.08326029777527,240.5,13.0,0.26076480664496465,0.3895275527833168,0.6694386694386695,0.9519542054497654,,2
19565.0,9.694151045445553,2017-11-14 14:05:00,85.84061968326569,236.0,12.0,0.2549560772105183,0.4024724697102496,0.6334745762711864,0.9472153137228756,,3
19580.0,9.79783180528989,2017-11-14 14:20:00,84.66904675960541,229.5,12.0,0.2673193319086919,0.4022936831019331,0.6644880174291941,0.9507398025956152,,3
19595.0,9.486789525756876,2017-11-14 14:35:00,86.91168737411499,232.5,12.0,0.2428881663826699,0.38679108687651204,0.6279569892473118,0.9485488186248616,,3
19610.0,9.590470285601217,2017-11-14 14:50:00,88.18376553058624,233.5,12.0,0.2351232509958616,0.3773283787459359,0.6231263383297645,0.9516934896327984,,2
19625.0,9.642310665523382,2017-11-14 15:05:00,81.01219260692595,221.5,12.0,0.2881678928107157,0.4241142076915185,0.6794582392776524,0.9509833020259406,,3
19640.0,10.316235604511578,2017-11-14 15:20:00,87.01219260692595,233.0,13.0,0.2663941452238297,0.38672794914113595,0.6888412017167382,0.950739535619942,,2
19655.0,10.264395224589409,2017-11-14 15:35:00,84.66904675960541,245.5,12.0,0.28309555477543435,0.4303403015316975,0.6578411405295316,0.9587256114778304,,2
19670.0,10.419916364355915,2017-11-14 15:50:00,89.01219260692595,238.0,13.0,0.2561435313627784,0.3774746777977787,0.6785714285714286,0.9556753442298368,,2
19685.0,10.419916364355915,2017-11-14 16:05:00,88.91168737411499,248.5,12.0,0.25910736848939026,0.3950195157644999,0.6559356136820925,0.9549191064507552,,2
19700.0,10.21255484466724,2017-11-14 16:20:00,84.18376553058623,234.0,13.0,0.28282243419432984,0.4149244489120576,0.6816239316239316,0.9543527988991694,,2
19715.0,10.005193324978565,2017-11-14 16:35:00,88.08326029777527,245.0,12.0,0.2510468635401833,0.3968160101119028,0.6326530612244898,0.9546412571744805,,3
19730.0,10.005193324978565,2017-11-14 16:50:00,86.18376553058624,237.0,12.0,0.2613890661433144,0.4009657519479968,0.6518987341772152,0.9564632094300021,,2
19745.0,10.108874084822904,2017-11-14 17:05:00,84.08326029777527,236.5,12.0,0.28261024556871944,0.4203605224968689,0.6723044397463002,0.9600591188109192,,3
19760.0,10.264395224589409,2017-11-14 17:20:00,89.49747383594513,248.5,13.0,0.2502355436776377,0.3898654081748775,0.6418511066398389,0.9568883321806484,,3
19775.0,10.264395224589409,2017-11-14 17:35:00,89.25483322143555,239.0,13.0,0.2508092229741062,0.3770025427095055,0.6652719665271967,0.9501249072651944,,3
19790.0,10.419916364355915,2017-11-14 17:50:00,85.59797906875609,242.0,13.0,0.2795570479824709,0.4150478871886992,0.6735537190082644,0.9590845712881412,,2
20525.0,11.45672396279929,2017-11-15 06:05:00,95.74011445045471,278.5,13.0,0.2467712065423289,0.3818098945668813,0.6463195691202872,0.9588171141922792,,4
20540.0,10.471756744278084,2017-11-15 06:20:00,102.32590091228485,270.0,13.0,0.18902500931008687,0.3240428731030061,0.5833333333333334,0.9562210059728876,,4
20555.0,10.730958643888927,2017-11-15 06:35:00,96.66904675960541,265.5,13.0,0.22120803306542144,0.35702573117853725,0.6195856873822976,0.95379756118352,,4
20570.0,11.093841303344107,2017-11-15 06:50:00,94.32590091228485,265.5,13.0,0.2450458881131337,0.3749837653834986,0.6534839924670434,0.9568542512442512,,4
20585.0,10.886479783655432,2017-11-15 07:05:00,95.9827550649643,273.0,13.0,0.2312028287008569,0.3723797771996105,0.6208791208791209,0.952204335557402,,4
20600.0,11.145681683266275,2017-11-15 07:20:00,93.25483322143556,268.0,13.0,0.25142960486292226,0.38725939139806426,0.6492537313432836,0.9537910234385296,,4
20615.0,11.093841303344107,2017-11-15 07:35:00,98.32590091228485,278.5,13.0,0.2229143976698409,0.3619921851373218,0.6157989228007181,0.9567785535975392,,4
20630.0,11.301202823032785,2017-11-15 07:50:00,92.66904675960541,274.5,13.0,0.2597399963343497,0.4016824168663606,0.6466302367941712,0.9545899060098458,,3
20645.0,10.990160543499773,2017-11-15 08:05:00,95.49747383594513,277.5,13.0,0.2349364923637321,0.3823746429966902,0.6144144144144145,0.955484386433838,,3
20660.0,11.042000923421938,2017-11-15 08:20:00,95.49747383594513,276.0,13.0,0.2363144190051617,0.380307753034546,0.6213768115942029,0.953907143472112,,4
20675.0,11.042000923421938,2017-11-15 08:35:00,95.25483322143556,276.0,13.0,0.2382123475218837,0.3822477204420924,0.6231884057971014,0.9562849872704806,,4
20690.0,10.57543750412242,2017-11-15 08:50:00,97.15432798862456,270.5,13.0,0.21634104595451395,0.3601246334196679,0.6007393715341961,0.9491379106263986,,4
20705.0,11.301202823032785,2017-11-15 09:05:00,95.74011445045471,283.5,13.0,0.24402930424741426,0.38866465030416814,0.6278659611992945,0.9576133520973141,,4
20720.0,11.197522063188446,2017-11-15 09:20:00,95.74011445045471,279.5,13.0,0.24128740195249945,0.3831808457143385,0.629695885509839,0.9563065075995759,,4
20735.0,11.45672396279929,2017-11-15 09:35:00,94.32590091228485,275.0,13.0,0.25493246573153105,0.38840126357989496,0.6563636363636364,0.9521944153966128,,4
20750.0,11.767766242332304,2017-11-15 09:50:00,96.911687374115,290.5,13.0,0.2475308206935813,0.38869028871073175,0.6368330464716007,0.957731603989736,,4
20765.0,10.62727788404459,2017-11-15 10:05:00,100.911687374115,278.0,13.0,0.19867938347185032,0.3430612956843129,0.5791366906474821,0.9546877540397384,,4
20780.0,11.560404722643629,2017-11-15 10:20:00,101.9827550649643,292.5,13.0,0.21688066510455373,0.3534127829698161,0.6136752136752137,0.9577681022896224,,4
20795.0,12.130648901787485,2017-11-15 10:35:00,102.32590091228485,298.0,13.0,0.2274300905667394,0.35764731920257703,0.6359060402684564,0.9537752838382852,,4
20810.0,11.767766242332304,2017-11-15 10:50:00,101.74011445045471,296.5,13.0,0.2221654445740102,0.3599565809628089,0.6172006745362564,0.9525117463407352,,4
20825.0,11.404883582877119,2017-11-15 11:05:00,105.9827550649643,293.0,13.0,0.19522475448989224,0.3277985849027989,0.5955631399317406,0.9577095334931216,,4
20840.0,11.87144700217664,2017-11-15 11:20:00,99.74011445045471,291.0,13.0,0.2349541302000637,0.367589526280745,0.6391752577319587,0.9545906252700821,,4
20855.0,12.130648901787485,2017-11-15 11:35:00,103.63960921764374,310.5,13.0,0.22287087108063908,0.3632619709739551,0.6135265700483091,0.9552585559717952,,4
20870.0,11.715925862410133,2017-11-15 11:50:00,108.32590091228485,302.0,13.0,0.1911540329901636,0.3234090642186522,0.5910596026490066,0.9552558222558414,,4
20885.0,12.33801042147616,2017-11-15 12:05:00,101.74011445045471,301.5,13.0,0.23551965162490696,0.3660266750768529,0.6434494195688225,0.956552952971638,,4
20900.0,12.23432966163182,2017-11-15 12:20:00,103.9827550649643,312.5,13.0,0.2225645556224868,0.3631928126998806,0.6128,0.9577770557095662,,4
20915.0,12.130648901787485,2017-11-15 12:35:00,105.39696860313416,311.5,13.0,0.2138038041334067,0.3523803438495036,0.6067415730337079,0.9601826701465812,,4
20930.0,12.130648901787485,2017-11-15 12:50:00,109.15432798862456,310.0,13.0,0.19670109596009105,0.32695624529559364,0.6016129032258064,0.9577696288351899,,4
20945.0,12.545371941164833,2017-11-15 13:05:00,104.56854152679443,318.0,13.0,0.22984642767564345,0.36545582000427307,0.6289308176100629,0.9537521528191676,,3
20960.0,11.87144700217664,2017-11-15 13:20:00,103.15432798862456,303.0,13.0,0.2202489222178997,0.3578306886435582,0.6155115511551155,0.9583928278989794,,4
20975.0,13.011935360464351,2017-11-15 13:35:00,105.15432798862456,324.5,13.0,0.2358162129008574,0.3687824630666421,0.6394453004622496,0.9627187199684472,,4
20990.0,11.923287382098804,2017-11-15 13:50:00,114.56854152679443,312.5,13.0,0.1723263145639398,0.29917762945128434,0.5760000000000001,0.9514338893440859,,4
21005.0,11.87144700217664,2017-11-15 14:05:00,112.22539567947388,316.0,13.0,0.1815929406185629,0.3152932375575048,0.5759493670886076,0.9563387055583398,,4
21020.0,12.33801042147616,2017-11-15 14:20:00,103.74011445045471,310.5,13.0,0.2265260480372903,0.36255844286380745,0.6247987117552335,0.960316794417914,,4
21035.0,11.923287382098804,2017-11-15 14:35:00,111.39696860313416,310.0,13.0,0.1853165507896636,0.3139242117201952,0.5903225806451613,0.9620536207995084,,4
21050.0,12.23432966163182,2017-11-15 14:50:00,115.63960921764374,324.5,13.0,0.17619675480942748,0.30493785032351584,0.5778120184899846,0.9591817577071046,,4
21065.0,12.545371941164833,2017-11-15 15:05:00,105.9827550649643,322.0,13.0,0.2254314500270102,0.36024281344266645,0.6257763975155279,0.9594337881876194,,3
21080.0,13.219296880153026,2017-11-15 15:20:00,104.56854152679443,324.5,13.0,0.2413387490594256,0.3729258289037315,0.6471494607087828,0.956931182111605,,3
21095.0,12.182489281709652,2017-11-15 15:35:00,107.9827550649643,327.5,13.0,0.20745876594339466,0.3529493290725285,0.5877862595419847,0.9589912581204274,,4
21110.0,11.819606622254472,2017-11-15 15:50:00,111.9827550649643,310.0,13.0,0.18087759469961145,0.31064850059213045,0.582258064516129,0.9541210563410504,,4
21125.0,12.182489281709652,2017-11-15 16:05:00,111.39696860313416,319.0,13.0,0.19037984452708606,0.3230381404475557,0.5893416927899686,0.9561383084142959,,4
21140.0,12.649052701009172,2017-11-15 16:20:00,106.81118214130402,319.5,13.0,0.21974516120889293,0.3519227017856707,0.6244131455399061,0.9591699740545252,,4
21155.0,12.804573840775676,2017-11-15 16:35:00,106.911687374115,321.5,13.0,0.22098131489449327,0.3534601628785055,0.6251944012441679,0.956007329696038,,3
21170.0,11.87144700217664,2017-11-15 16:50:00,116.81118214130402,319.0,13.0,0.16531241820036116,0.29378641451763354,0.5626959247648903,0.9584000161228576,,4
21185.0,12.441691181320493,2017-11-15 17:05:00,111.63960921764374,324.5,13.0,0.19409036762649687,0.3271809054275234,0.5932203389830508,0.9565848511440624,,4
21200.0,13.06377574038652,2017-11-15 17:20:00,106.56854152679443,325.0,13.0,0.22793921069363424,0.3596128324050055,0.6338461538461538,0.9604825106212116,,4
21215.0,12.96009498054218,2017-11-15 17:35:00,110.56854152679443,324.0,13.0,0.2076338091919281,0.3330364068226963,0.6234567901234568,0.9585281090453268,,4
22095.0,13.789541059296882,2017-11-16 08:15:00,125.0538227558136,370.5,14.0,0.17035378235141013,0.2977173413264031,0.5721997300944669,0.8925761734643053,,4
22110.0,13.582179539608207,2017-11-16 08:30:00,127.39696860313416,371.5,14.0,0.15949934213626618,0.287640803901082,0.5545087483176312,0.8800948751778036,,4
22125.0,13.530339159686037,2017-11-16 08:45:00,127.29646337032318,372.5,14.0,0.16013904862003,0.2888706809247515,0.5543624161073826,0.8807806784906795,,4
22140.0,13.996902578985555,2017-11-16 09:00:00,126.22539567947388,374.5,13.0,0.16957227331284142,0.2953712388635308,0.5740987983978638,0.8918598446794955,,4
22155.0,13.893221819141221,2017-11-16 09:15:00,125.39696860313416,373.5,14.0,0.1702218835689702,0.29848766907516605,0.5702811244979921,0.8869215761519903,,4
22170.0,14.048742958907724,2017-11-16 09:30:00,128.46803629398346,376.0,14.0,0.16408427672424372,0.2862908958158499,0.5731382978723404,0.8787279323844392,,4
22185.0,13.634019919530376,2017-11-16 09:45:00,128.71067690849304,373.0,14.0,0.15777712943038538,0.2829368715266045,0.5576407506702413,0.8943957395071789,,4
22200.0,13.685860299452546,2017-11-16 10:00:00,128.46803629398346,379.5,14.0,0.1587543930255444,0.2889558376651995,0.549407114624506,0.8817122524257938,,4
22215.0,14.048742958907724,2017-11-16 10:15:00,130.1248904466629,386.0,14.0,0.15993237432877586,0.28646819717358457,0.5582901554404145,0.8853271120654288,,4
22230.0,14.359785238440738,2017-11-16 10:30:00,127.63960921764374,386.5,14.0,0.17084908719537947,0.2981181589210572,0.5730918499353169,0.8818098800706156,,4
22245.0,15.241071697117604,2017-11-16 10:45:00,117.39696860313416,408.5,14.0,0.22885996115507395,0.372467307298198,0.6144430844553244,0.9016802475951652,,4
22260.0,14.981869797506766,2017-11-16 11:00:00,113.63960921764374,391.5,14.0,0.2437575807886162,0.3809624466217295,0.6398467432950191,0.8889407692169038,,4
22275.0,15.50027359672845,2017-11-16 11:15:00,117.0538227558136,405.5,14.0,0.2366237686532985,0.37190286119733534,0.6362515413070283,0.8917097393302287,,4
22290.0,14.515306378207244,2017-11-16 11:30:00,130.22539567947388,395.0,14.0,0.16524310832100575,0.2926951918690461,0.5645569620253165,0.894508588463105,,5
22305.0,15.292912077039777,2017-11-16 11:45:00,119.0538227558136,406.0,14.0,0.22253426711090893,0.3599558264821873,0.6182266009852216,0.8876066095463895,,4
22320.0,14.826348657740256,2017-11-16 12:00:00,129.0538227558136,395.0,14.0,0.1735385454785922,0.29803358897410404,0.5822784810126582,0.8903236592601033,,5
22335.0,14.826348657740256,2017-11-16 12:15:00,114.56854152679443,401.0,14.0,0.23742736673253925,0.3839047341118881,0.6184538653366584,0.8919829498313941,,4
22350.0,15.344752456961947,2017-11-16 12:30:00,119.63960921764374,407.0,14.0,0.22255525639155435,0.3573175122341721,0.6228501228501229,0.8989997562972701,,4
22365.0,15.707635116417125,2017-11-16 12:45:00,127.88224983215332,412.0,14.0,0.19056406503513115,0.3165822370744921,0.6019417475728155,0.9057112750964874,,4
22380.0,16.43340043532749,2017-11-16 13:00:00,116.56854152679443,420.0,14.0,0.2533948017744946,0.388415389581342,0.6523809523809524,0.8897327896942447,,4
22395.0,15.344752456961947,2017-11-16 13:15:00,129.0538227558136,407.5,14.0,0.18108369962983534,0.3074650316631579,0.588957055214724,0.8845484227286918,,3
22410.0,16.070517775872307,2017-11-16 13:30:00,118.22539567947388,422.0,14.0,0.24184693712631905,0.3794030017371994,0.6374407582938388,0.9105796326709528,,4
22425.0,15.033710177428933,2017-11-16 13:45:00,116.81118214130402,411.5,14.0,0.2307006170428439,0.3789752651222765,0.6087484811664642,0.9035232942363584,,4
22440.0,15.448433216806276,2017-11-16 14:00:00,134.46803629398346,422.0,14.0,0.16644749227104244,0.2932811763606677,0.5675355450236966,0.8989982707863441,,5
22455.0,16.32971967548315,2017-11-16 14:15:00,121.39696860313416,427.0,14.0,0.23022789563985604,0.3641011534748835,0.6323185011709602,0.9000361662875384,,4
22470.0,15.396592836884112,2017-11-16 14:30:00,131.29646337032318,422.0,14.0,0.17531492438980245,0.3076211978897989,0.5699052132701422,0.9051107771926696,,4
22485.0,16.38156005540532,2017-11-16 14:45:00,124.22539567947388,439.5,14.0,0.2206776636936008,0.3578886833702493,0.6166097838452788,0.9034054675746044,,4
22500.0,16.744442714860494,2017-11-16 15:00:00,117.39696860313416,438.0,14.0,0.2543901560249626,0.3993651911789736,0.6369863013698629,0.8982786586808256,,4
22515.0,15.344752456961947,2017-11-16 15:15:00,132.1248904466629,418.0,14.0,0.17240350915519406,0.3008963124295245,0.5729665071770335,0.9004366563451226,,4
22530.0,16.848123474704842,2017-11-16 15:30:00,117.74011445045471,431.0,14.0,0.25381599561941753,0.3906953361141749,0.6496519721577726,0.9062949064101952,,4
22545.0,15.655794736494956,2017-11-16 15:45:00,131.29646337032318,418.0,14.0,0.1789597253126674,0.30470535715150704,0.5873205741626795,0.8893665220363148,,4
22560.0,16.122358155794476,2017-11-16 16:00:00,115.39696860313416,424.5,14.0,0.2557351085583179,0.4005887586088779,0.6383981154299175,0.8982630369037671,,4
22575.0,15.966837016027968,2017-11-16 16:15:00,133.29646337032318,428.5,14.0,0.1771659839399122,0.3030563837055983,0.5845974329054843,0.9181461645151799,,4
22590.0,15.707635116417125,2017-11-16 16:30:00,129.53910398483276,424.0,14.0,0.18572046714249044,0.3175220889855482,0.5849056603773585,0.9994018067973044,,4
22605.0,16.537081195171822,2017-11-16 16:45:00,135.53910398483276,442.5,14.0,0.17853408856058556,0.30268710416880884,0.5898305084745763,0.8835582053586503,,4
22620.0,17.677569553459538,2017-11-16 17:00:00,122.46803629398346,454.0,14.0,0.2459078887332915,0.3803822197100999,0.6464757709251101,0.9057275052751984,,4
22635.0,16.277879295560982,2017-11-16 17:15:00,129.63960921764374,425.0,14.0,0.19253587851342407,0.3177776635658455,0.6058823529411764,0.8920188797488919,,4
22650.0,16.38156005540532,2017-11-16 17:30:00,129.0538227558136,432.5,14.0,0.1961740079323216,0.3263279170412658,0.6011560693641619,0.8767518869725996,,4
22665.0,16.122358155794476,2017-11-16 17:45:00,115.9827550649643,422.0,14.0,0.2508229737046324,0.3942171132340964,0.6362559241706162,0.8983128606733874,,4
23405.0,18.714377151902912,2017-11-17 06:05:00,128.46803629398346,513.5,14.0,0.2447939441616908,0.3909850398974439,0.626095423563778,0.873301435224793,,4
23420.0,17.88493107314821,2017-11-17 06:20:00,149.43859875202182,503.0,14.0,0.15840274012138106,0.2830429068598745,0.5596421471172962,0.85955494626533,,4
23435.0,18.921738671591587,2017-11-17 06:35:00,127.88224983215332,513.0,14.0,0.2489627301265423,0.39419098936702535,0.631578947368421,0.8917154759251492,,4
23450.0,19.025419431435925,2017-11-17 06:50:00,127.53910398483276,504.5,14.0,0.2526218397143151,0.3897483735041955,0.6481665014866204,0.9992977340633754,,4
23465.0,19.025419431435925,2017-11-17 07:05:00,133.53910398483276,519.5,15.0,0.22831684706600114,0.3660821050950234,0.6236766121270453,0.8692609092142652,,4
23640.0,19.75118475034629,2017-11-17 10:00:00,126.71067690849304,520.5,15.0,0.26297999902410946,0.4073841949168124,0.6455331412103746,0.8500688535729071,,4
23655.0,18.092292592836888,2017-11-17 10:15:00,148.1248904466629,507.5,14.0,0.16294312848752462,0.29066304993820297,0.5605911330049261,0.8794028153755504,,4
23670.0,19.28462133104677,2017-11-17 10:30:00,125.63960921764374,520.0,14.0,0.2631044381486186,0.4139615970870853,0.6355769230769229,0.9263602495109341,,4
23685.0,19.129100191280266,2017-11-17 10:45:00,131.53910398483276,528.0,15.0,0.23749138392634395,0.3834723263397847,0.6193181818181818,0.8745372295196887,,4
23700.0,19.854865510190624,2017-11-17 11:00:00,130.1248904466629,527.5,15.0,0.2504741361297534,0.39148179795094784,0.6398104265402843,0.8623314200626877,,4
23715.0,20.42510968933448,2017-11-17 11:15:00,131.29646337032318,541.0,15.0,0.2562295048774036,0.3943674598539839,0.6497227356746765,0.8503553102404718,,4
23730.0,18.766217531825077,2017-11-17 11:30:00,146.710676908493,516.0,14.0,0.17398134595827175,0.30125629031700746,0.5775193798449613,0.8722607502788803,,4
23745.0,18.921738671591587,2017-11-17 11:45:00,127.0538227558136,521.5,14.0,0.2568906696852442,0.4059651037601663,0.6327900287631831,0.8859791005957781,,4
23760.0,19.388302090891106,2017-11-17 12:00:00,128.22539567947388,525.0,15.0,0.25451067440099745,0.4012555677493203,0.6342857142857142,0.8514135954041779,,4
23775.0,19.54382323065761,2017-11-17 12:15:00,129.88224983215332,532.0,15.0,0.2488036372615821,0.3962980090513821,0.6278195488721805,0.8557184201777573,,4
23790.0,19.69934437042412,2017-11-17 12:30:00,129.63960921764374,530.5,15.0,0.2523528504787597,0.3966612953451319,0.6361922714420358,0.8609710230562737,,4
23805.0,20.321428929490143,2017-11-17 12:45:00,132.1248904466629,550.0,15.0,0.25086690163083564,0.3959162005651638,0.6336363636363637,0.8528677468756417,,4
23820.0,19.18094057120243,2017-11-17 13:00:00,124.81118214130402,520.0,14.0,0.2666087106769851,0.4194751272376165,0.6355769230769229,0.9075229516676372,,4
23835.0,20.528790449178818,2017-11-17 13:15:00,128.81118214130402,537.5,15.0,0.26545490499279106,0.4070813450317409,0.652093023255814,0.8907808035349195,,4
23850.0,19.28462133104677,2017-11-17 13:30:00,127.88224983215332,521.0,15.0,0.2543415545428565,0.4003382172713844,0.6353166986564299,0.9826308916499008,,4
23865.0,19.18094057120243,2017-11-17 13:45:00,129.29646337032318,525.0,15.0,0.2499356586876033,0.3946352505593736,0.6333333333333333,0.8411178591419146,,4
23880.0,20.01038664995713,2017-11-17 14:00:00,131.29646337032318,540.0,15.0,0.2503978234008197,0.39363849966941095,0.6361111111111111,0.9277359780511784,,4
23895.0,20.01038664995713,2017-11-17 14:15:00,135.29646337032318,553.5,15.0,0.2337513305185164,0.37997462978560603,0.6151761517615176,0.8343878300211965,,4
23910.0,20.01038664995713,2017-11-17 14:30:00,134.71067690849304,554.0,15.0,0.2382123479280623,0.3836326766050771,0.6209386281588448,0.8486392934107406,,4
23925.0,21.099034628322674,2017-11-17 14:45:00,136.71067690849304,571.0,15.0,0.2427237083003076,0.3839203253171071,0.6322241681260946,0.8370800236838615,,4
23940.0,21.25455576808918,2017-11-17 15:00:00,130.71067690849304,556.0,15.0,0.26846062752515154,0.4089427641205048,0.6564748201438849,0.8622477645560778,,4
23955.0,20.528790449178818,2017-11-17 15:15:00,131.29646337032318,560.0,15.0,0.25768742524654953,0.4082177033608706,0.63125,0.8553236406112432,,4
23970.0,20.16590778972364,2017-11-17 15:30:00,131.53910398483276,548.0,15.0,0.25201685083315395,0.3979977932465947,0.6332116788321168,0.9942106103270676,,4
23985.0,21.15087500824484,2017-11-17 15:45:00,134.1248904466629,561.0,16.0,0.25322064719406184,0.3918807808989481,0.6461675579322638,0.8407236072897657,,4
24000.0,21.15087500824484,2017-11-17 16:00:00,129.63960921764374,552.5,15.0,0.27254107851706044,0.4131109626355992,0.6597285067873303,0.7849874655675344,,4
24015.0,21.46191728777785,2017-11-17 16:15:00,129.63960921764374,568.5,15.0,0.2747842149657605,0.4250743570286663,0.6464379947229552,0.8519338653904108,,4
24030.0,21.82479994723304,2017-11-17 16:30:00,131.0538227558136,578.5,16.0,0.27437323549665044,0.423266444626166,0.648228176318064,0.8597378122898867,,4
24045.0,20.684311588945324,2017-11-17 16:45:00,132.95331752300262,556.5,15.0,0.2534375964114228,0.3956185761653767,0.6406109613656783,0.7718433748987664,,4
24060.0,21.46191728777785,2017-11-17 17:00:00,131.29646337032318,570.5,16.0,0.27080870856886324,0.4158717852988869,0.6511831726555652,0.7935458487983249,,4
24075.0,22.550565266143398,2017-11-17 17:15:00,133.0538227558136,593.5,16.0,0.276124378819037,0.4212848813087364,0.6554338668913227,0.8149153587909076,,4
24090.0,20.47695006925665,2017-11-17 17:30:00,134.95331752300262,565.0,16.0,0.2439114296763519,0.3898442935421183,0.6256637168141593,0.8253979682900222,,4
24105.0,21.25455576808918,2017-11-17 17:45:00,133.53910398483276,569.5,16.0,0.2572087937626248,0.4013161864323693,0.6409130816505707,0.6886120093252478,,4
24845.0,24.313138183497127,2017-11-18 06:05:00,142.1248904466629,647.0,17.0,0.2622208115273004,0.4025073904108264,0.6514683153013909,0.5156049011195132,,4
24860.0,23.172649825209426,2017-11-18 06:20:00,141.53910398483274,626.5,17.0,0.2546730641636217,0.39298688349386457,0.6480446927374302,0.6059649143079797,,4
24875.0,23.79473438427545,2017-11-18 06:35:00,139.53910398483276,636.0,17.0,0.2704157775261224,0.4104640441685295,0.6588050314465409,0.7028478330114916,,4
24890.0,24.416818943341468,2017-11-18 06:50:00,142.95331752300262,648.0,17.0,0.26103520402597075,0.3984707001385843,0.6550925925925926,0.7700183394564146,,4
24905.0,23.32817096497593,2017-11-18 07:05:00,142.36753106117246,622.0,17.0,0.2529578259086732,0.3856366855764576,0.6559485530546624,0.16816240548887548,,4
24920.0,24.05393628388629,2017-11-18 07:20:00,144.36753106117246,646.5,16.0,0.2526299454589777,0.38979775594088095,0.6481051817478731,0.7716542460822284,,4
24935.0,23.172649825209426,2017-11-18 07:35:00,143.43859875202182,640.0,16.0,0.24827806159949384,0.39089288911113423,0.63515625,0.35868766764145066,,4
24950.0,23.79473438427545,2017-11-18 07:50:00,145.78174459934237,644.5,16.0,0.24450012837432705,0.38108907554354,0.6415826221877424,0.5460047209869555,,4
24965.0,23.12080944528725,2017-11-18 08:05:00,145.88224983215332,654.5,17.0,0.2391442715455548,0.3864689524112731,0.6187929717341482,0.6966806492880541,,5
24980.0,23.84657476419761,2017-11-18 08:20:00,141.53910398483274,630.5,17.0,0.26031852617710105,0.3954959777220776,0.6582077716098335,0.4399095183148507,,4
24995.0,23.535532484664607,2017-11-18 08:35:00,141.53910398483274,629.0,16.0,0.2584367055059412,0.3945550673864977,0.6550079491255962,0.5267887728879589,,4
25010.0,24.05393628388629,2017-11-18 08:50:00,141.0538227558136,644.0,17.0,0.2665339857017738,0.4067485469003373,0.65527950310559,0.6859346589423005,,4
25025.0,24.10577666380846,2017-11-18 09:05:00,140.71067690849304,646.5,17.0,0.2684702250397531,0.4103215141565021,0.6542923433874711,0.5558202952330797,,4
25040.0,24.67602084295232,2017-11-18 09:20:00,146.36753106117246,668.0,17.0,0.2528119740698281,0.3918292312729587,0.6452095808383234,0.7411864686073258,,4
25055.0,24.364978563419303,2017-11-18 09:35:00,144.6101716756821,651.5,17.0,0.25628973742410205,0.3914953433336518,0.6546431312356101,0.7445460170334437,,4
25070.0,24.83154198271882,2017-11-18 09:50:00,148.6101716756821,669.0,17.0,0.24666179866992155,0.3806614609231315,0.647982062780269,0.7296337849440959,,4
25085.0,24.416818943341468,2017-11-18 10:05:00,145.53910398483274,665.5,17.0,0.25213863674508985,0.3948194417737818,0.6386175807663411,0.6228298130246178,,4
25100.0,24.2094574236528,2017-11-18 10:20:00,146.36753106117246,664.5,17.0,0.2481194084258405,0.3897762338037141,0.636568848758465,0.7309295545106017,,4
25115.0,25.401786161862677,2017-11-18 10:35:00,145.29646337032318,674.5,17.0,0.2628031008496117,0.4014964700409129,0.6545589325426242,0.5222465351127384,,4
25130.0,24.987063122485328,2017-11-18 10:50:00,142.710676908493,665.0,17.0,0.2714873562129841,0.4103161179128055,0.6616541353383458,0.4211666599372276,,4
25145.0,25.55730730162919,2017-11-18 11:05:00,144.95331752300262,675.5,17.0,0.2670391939197728,0.4039977054710112,0.6609918578830496,0.42096741659265147,,4
25160.0,24.67602084295232,2017-11-18 11:20:00,145.78174459934237,668.5,17.0,0.2575085995332997,0.3952801349896921,0.6514584891548242,0.6362827243081706,,4
25175.0,25.8683495811622,2017-11-18 11:35:00,143.88224983215332,676.5,17.0,0.27436825342494137,0.41064186602206376,0.6681448632668144,0.7493127928063671,,4
25190.0,24.883382362640987,2017-11-18 11:50:00,144.1248904466629,665.5,17.0,0.26285828160557784,0.40260572245917614,0.6528925619834711,0.5778461075767131,,4
25205.0,25.92018996108436,2017-11-18 12:05:00,146.95331752300262,675.5,17.0,0.2615656864349909,0.39307590920319546,0.6654330125832717,0.5741822642354653,,4
25220.0,25.50546692170701,2017-11-18 12:20:00,147.78174459934237,677.0,17.0,0.25691517008630826,0.38954439003008,0.6595273264401772,0.7598384629936179,,4
25235.0,25.81650920124003,2017-11-18 12:35:00,145.53910398483274,676.5,17.0,0.2675635886400836,0.4013453829601253,0.6666666666666666,0.801058685562141,,4
25250.0,25.50546692170701,2017-11-18 12:50:00,147.53910398483274,685.5,17.0,0.25804954871202146,0.3957337038972947,0.6520787746170679,0.6540429134582796,,4
25265.0,25.298105402018344,2017-11-18 13:05:00,147.88224983215332,687.5,17.0,0.2522564536665021,0.3950485464594993,0.6385454545454545,0.7912047749231056,,4
25280.0,26.59411490007256,2017-11-18 13:20:00,146.710676908493,694.5,17.0,0.27089712927730897,0.4054699488859722,0.6681065514758819,0.654966013237834,,4
25295.0,26.64595527999473,2017-11-18 13:35:00,143.53910398483274,690.5,18.0,0.28483036262379385,0.42114639270177656,0.6763215061549602,0.7354911930021263,,4
25310.0,25.8683495811622,2017-11-18 13:50:00,145.53910398483274,686.0,17.0,0.2687501234012369,0.4069814230756039,0.6603498542274052,0.7523847519543287,,4
25325.0,26.697795659916896,2017-11-18 14:05:00,146.1248904466629,702.5,17.0,0.27395621176260065,0.4134355290294886,0.6626334519572954,0.7283402791590139,,4
25340.0,26.438593760306052,2017-11-18 14:20:00,148.0243852138519,702.0,18.0,0.26668358513355456,0.4026061865887211,0.6623931623931624,0.7314914578483713,,4
25355.0,27.6827628784381,2017-11-18 14:35:00,145.29646337032318,707.5,18.0,0.2883988728462896,0.4211397369220844,0.6848056537102474,0.6205068792115787,,4
25370.0,26.64595527999473,2017-11-18 14:50:00,147.53910398483274,702.0,18.0,0.26901809776242064,0.4052590228094834,0.6638176638176638,0.7530392795347403,,4
25385.0,27.26803983906075,2017-11-18 15:05:00,148.1248904466629,701.5,18.0,0.27290826265133744,0.40177365424955547,0.6792587312900926,0.7420238714539502,,4
25400.0,27.216199459138583,2017-11-18 15:20:00,146.1248904466629,708.0,18.0,0.2792528946967862,0.4166723908226021,0.6701977401129944,0.7402555197970471,,4
25415.0,27.31988021898292,2017-11-18 15:35:00,148.710676908493,711.0,18.0,0.2704783545842904,0.4040128363643497,0.6694796061884669,0.7297790590291411,,4
25430.0,27.63092249851593,2017-11-18 15:50:00,148.1248904466629,712.0,18.0,0.2763446730939565,0.4077873725241391,0.6776685393258427,0.6936264947390475,,4
25445.0,27.475401358749426,2017-11-18 16:05:00,147.78174459934237,707.0,18.0,0.2764786992754113,0.4068063275498767,0.6796322489391796,0.6877170023338272,,4
25460.0,28.46036857727063,2017-11-18 16:20:00,147.29646337032318,726.5,18.0,0.2869914007515397,0.4207855754712282,0.6820371644872677,0.5637368542987036,,4
25475.0,27.73460325836027,2017-11-18 16:35:00,147.78174459934237,713.0,18.0,0.2799310867793706,0.4102587150538361,0.6823281907433381,0.6577793976869704,,4
25490.0,28.30484743750413,2017-11-18 16:50:00,148.36753106117246,725.0,18.0,0.2820064706738938,0.41387589319549184,0.6813793103448276,0.5498542374788757,,4
25505.0,26.853316799683398,2017-11-18 17:05:00,145.29646337032318,712.0,18.0,0.28125586670768177,0.4238183642240623,0.6636235955056179,0.7688094366633906,,4
25520.0,27.73460325836027,2017-11-18 17:20:00,147.29646337032318,710.5,18.0,0.28119944513596873,0.4115184464863147,0.6833216045038705,0.7624522845636955,,4
25535.0,28.875091616647982,2017-11-18 17:35:00,148.1248904466629,732.0,18.0,0.2895175797906633,0.41924207399953617,0.6905737704918032,0.7787797689254886,,4
25550.0,27.941964778048945,2017-11-18 17:50:00,146.710676908493,715.5,18.0,0.28724436983714663,0.4177303793058504,0.6876310272536688,0.5599022536941052,,4
26285.0,30.896866433612555,2017-11-19 06:05:00,151.88224983215332,791.5,20.0,0.3007010179561164,0.43116821687004736,0.6974099810486418,0.7252331144650277,,4
26300.0,30.430303014313044,2017-11-19 06:20:00,156.85281229019162,794.5,20.0,0.2809234116035641,0.4058066373073304,0.6922592825676526,0.7585036288348126,,4
26315.0,30.741345293846056,2017-11-19 06:35:00,177.43859875202182,812.5,20.0,0.2069485683937588,0.3242925975312035,0.6381538461538462,0.5144513728655739,,4
26330.0,32.45207783127763,2017-11-19 06:50:00,154.6101716756821,818.0,20.0,0.3062172619549169,0.43001840391265583,0.7121026894865525,0.5953103777849076,,4
26345.0,32.34839707143329,2017-11-19 07:05:00,156.95331752300262,827.5,20.0,0.2956121667399844,0.42212091109117705,0.7003021148036254,0.7090275108839008,,4
26360.0,30.63766453400172,2017-11-19 07:20:00,164.85281229019162,806.5,20.0,0.2520076042084826,0.3729250143011765,0.675759454432734,0.6299405842611381,,4
26375.0,31.363429852912077,2017-11-19 07:35:00,184.99494767189026,821.0,20.0,0.19314162132109675,0.3014624925943354,0.6406820950060901,0.6678505174438242,,4
26390.0,30.689504913923894,2017-11-19 07:50:00,183.09545290470123,808.0,20.0,0.19210940013152708,0.3028768688902905,0.6342821782178217,0.6422952532255148,,4
26405.0,29.75637807532485,2017-11-19 08:05:00,182.2670258283615,813.0,19.0,0.18705096196380924,0.3075276685067278,0.6082410824108241,0.7200236209662868,,4
26420.0,30.222941494624372,2017-11-19 08:20:00,188.99494767189026,832.5,20.0,0.17660914667900734,0.2928826984268399,0.6030030030030029,0.5602106352673507,,4
26435.0,31.20790871314557,2017-11-19 08:35:00,184.75230705738068,839.5,20.0,0.1923607307711598,0.30906571001414096,0.6223942823108993,0.45710797784682505,,4
26450.0,31.77815289228943,2017-11-19 08:50:00,188.4091612100601,852.5,20.0,0.18850611540981524,0.3017867857030376,0.6246334310850439,0.6220839931059141,,4
26465.0,32.089195171822446,2017-11-19 09:05:00,194.16652059555054,862.5,20.0,0.17832611555753916,0.2874883638661262,0.6202898550724638,0.5753182667815985,,5
26480.0,31.41527023283425,2017-11-19 09:20:00,185.33809351921082,826.5,20.0,0.1924270958758704,0.3023593055920282,0.6364186327888687,0.6534705020723546,,5
26495.0,32.86680087065498,2017-11-19 09:35:00,182.85281229019162,848.5,20.0,0.2085929176394552,0.31890286597671663,0.6540954625810254,0.6501503895401037,,4
26510.0,32.555758591121965,2017-11-19 09:50:00,190.4091612100601,841.5,20.0,0.18941935373273025,0.2916676782545151,0.649435531788473,0.5599302653519317,,4
26525.0,32.037354791900285,2017-11-19 10:05:00,185.68123936653137,835.5,20.0,0.1957258091855435,0.30452311652611097,0.6427289048473968,0.6665983668337546,,5
26540.0,32.60759897104413,2017-11-19 10:20:00,190.4091612100601,836.0,20.0,0.18976595822263456,0.2897613535600411,0.6549043062200957,0.5210042785260516,,5
26555.0,32.81496049073281,2017-11-19 10:35:00,189.09545290470123,850.0,20.0,0.1934661619102224,0.29872159423013445,0.6476470588235295,0.4062523861214999,,5
26570.0,32.34839707143329,2017-11-19 10:50:00,184.85281229019162,835.5,20.0,0.19969057580451668,0.30725870365501595,0.6499102333931778,0.3987140915248004,,6
26585.0,34.68121416793088,2017-11-19 11:05:00,196.75230705738068,886.0,21.0,0.1894135559956046,0.28760995820412283,0.6585778781038375,0.7256249026342462,,4
26600.0,33.437045049798826,2017-11-19 11:20:00,185.33809351921082,846.5,21.0,0.20669450412522197,0.3096759252070804,0.6674542232722976,0.19624716767420208,,6
26615.0,34.214650748631364,2017-11-19 11:35:00,190.16652059555054,865.5,21.0,0.2008489573490168,0.30075220170514544,0.6678220681686886,0.16013093306246118,,6
26630.0,35.355139106919076,2017-11-19 11:50:00,187.68123936653137,906.0,21.0,0.2158358158797124,0.3232185936975528,0.6677704194260485,0.2449616184633795,,5
26645.0,34.73305454785305,2017-11-19 12:05:00,196.99494767189026,900.5,21.0,0.18943296382527086,0.2915972374780452,0.6496390893947807,0.2938391665760083,,5
26660.0,35.458819866763406,2017-11-19 12:20:00,180.75230705738068,911.5,21.0,0.2413547752366733,0.3505894464194864,0.6884256719692814,0.4030748257010018,,5
26675.0,33.17784315018799,2017-11-19 12:35:00,188.99494767189026,855.0,21.0,0.1966623764812054,0.3007984470329707,0.6538011695906433,0.4007580366227296,,6
26690.0,34.88857568761956,2017-11-19 12:50:00,191.23758828639984,872.0,21.0,0.20324416994646155,0.2996262319413601,0.6783256880733946,0.18467141628005854,,6
26705.0,33.799927709254014,2017-11-19 13:05:00,190.4091612100601,870.5,21.0,0.1977378614904348,0.3017192084617414,0.6553704767375071,0.2514171110462871,,5
26720.0,33.851768089176176,2017-11-19 13:20:00,188.16652059555054,868.5,21.0,0.2030117542470392,0.3082442457404781,0.6586067933218193,0.3462849779609791,,6
26735.0,33.333364289954496,2017-11-19 13:35:00,187.5807341337204,871.0,21.0,0.2008888942823233,0.3110652923020507,0.6458094144661309,0.05692512587514306,,5
26750.0,33.74808732933184,2017-11-19 13:50:00,187.92387998104093,871.5,21.0,0.20264675388171016,0.3101082458435653,0.6534710269650029,0.39227940113897664,,6
26765.0,33.385204669876664,2017-11-19 14:05:00,188.99494767189026,865.0,21.0,0.1980696206778509,0.3043165575245844,0.6508670520231213,0.22944485745537985,,5
26780.0,34.73305454785305,2017-11-19 14:20:00,181.5807341337204,878.5,21.0,0.2281048311463353,0.3348205416241529,0.6812749003984063,0.2527950895018972,,6
26795.0,35.147777587230394,2017-11-19 14:35:00,183.09545290470123,881.0,21.0,0.22622053264268605,0.33024074442122026,0.6850170261066969,0.33070163610912906,,5
26810.0,34.83673530769739,2017-11-19 14:50:00,189.5807341337204,883.5,21.0,0.2064625868925048,0.30890718970284164,0.6683644595359366,0.13018867273016466,,5
26825.0,35.56250062660775,2017-11-19 15:05:00,177.92387998104095,887.0,21.0,0.2427380417895503,0.3520991710013591,0.6894024802705749,0.17763363383393546,,6
26840.0,34.525693028164376,2017-11-19 15:20:00,188.5096664428711,875.5,21.0,0.20651683528980225,0.3095984405757224,0.6670474014848657,0.2193798934865468,,5
26855.0,35.76986214629642,2017-11-19 15:35:00,181.48022890090942,888.5,21.0,0.23541622499535056,0.3390069949892528,0.6944288126055149,0.4759307968426726,,6
26870.0,34.629373788008714,2017-11-19 15:50:00,190.4091612100601,878.5,21.0,0.20328353332890445,0.3044920443809762,0.6676152532726238,0.17659313178114006,,6
26885.0,34.88857568761956,2017-11-19 16:05:00,188.75230705738068,878.0,21.0,0.2086315938304029,0.30968476649719995,0.6736902050113895,0.4134924740320146,,5
26900.0,35.044096827386056,2017-11-19 16:20:00,176.5096664428711,888.0,21.0,0.24442493012336305,0.35816722433918546,0.6824324324324325,0.3689654521436284,,6
26915.0,33.74808732933184,2017-11-19 16:35:00,189.09545290470123,866.0,21.0,0.1997920309645076,0.3043445889450547,0.6564665127020786,0.2585206540535919,,5
26930.0,35.355139106919076,2017-11-19 16:50:00,190.99494767189026,885.5,21.0,0.2066889962144272,0.3050385102464587,0.6775832862789385,0.3998290615598836,,5
26945.0,35.251458347074745,2017-11-19 17:05:00,180.75230705738068,879.5,21.0,0.2332775636351273,0.3382813144552258,0.6895963615690733,0.3439506154297776,,5
26960.0,34.94041606754173,2017-11-19 17:20:00,183.82337474823,889.0,21.0,0.22313086271876406,0.33060556159496884,0.6749156355455568,0.4626211950303936,,6
26975.0,34.26649112855353,2017-11-19 17:35:00,190.30865597724915,871.5,21.0,0.20158996624689726,0.3023849493703459,0.6666666666666666,0.4457419969703941,,6
26990.0,34.88857568761956,2017-11-19 17:50:00,180.0243852138519,872.5,21.0,0.23148428991710626,0.33830827965272225,0.6842406876790831,0.43705514013154334,,6
27725.0,41.16126165820197,2017-11-20 06:05:00,195.82337474823,1029.0,23.0,0.23332474299175845,0.3372066861496059,0.6919339164237124,0.2490191131128953,,5
27740.0,43.49407875469957,2017-11-20 06:20:00,200.99494767189026,1057.0,24.0,0.2339146502581477,0.3287869485676358,0.7114474929044465,0.20123139884414115,,6
27755.0,42.7683134357892,2017-11-20 06:35:00,201.33809351921082,1058.0,24.0,0.2284680358210743,0.327977180323876,0.6965973534971645,0.4512086041012679,,6
27770.0,43.80512103423258,2017-11-20 06:50:00,204.30865597724915,1074.0,24.0,0.2281946908532709,0.3233259867762704,0.7057728119180633,0.2719498902496226,,6
27785.0,43.39039799485522,2017-11-20 07:05:00,200.4091612100601,1073.0,24.0,0.2348147749019889,0.33571785938685417,0.6994408201304753,0.2078998126201856,,6
27800.0,45.15297091220896,2017-11-20 07:20:00,206.6518018245697,1096.0,25.0,0.2301114475751356,0.3225091388009573,0.7135036496350365,0.3227076083844122,,5
27815.0,43.54591913462173,2017-11-20 07:35:00,206.30865597724915,1080.0,24.0,0.22231560111270574,0.3188590294843588,0.6972222222222222,0.3711008572906011,,5
27830.0,42.19806925664535,2017-11-20 07:50:00,202.4091612100601,1057.5,24.0,0.22283589649268426,0.3243619553214227,0.6869976359338061,0.3864449569866512,,6
27845.0,43.70144027438825,2017-11-20 08:05:00,205.5807341337204,1084.0,24.0,0.2243387434105912,0.32231040140103484,0.6960332103321033,0.37891067795672817,,5
27860.0,45.04929015236465,2017-11-20 08:20:00,206.6518018245697,1111.5,24.0,0.22981718741199605,0.3270701713296205,0.7026540710751237,0.4816185101312809,,5
27875.0,44.58272673306511,2017-11-20 08:35:00,204.89444243907928,1087.0,24.0,0.23153136094097565,0.32537115622862384,0.7115915363385464,0.42178879325318985,,5
27890.0,45.671374711430644,2017-11-20 08:50:00,207.82337474823,1118.5,25.0,0.2301428896860448,0.32542961076338955,0.7071971390254805,0.20468550283193376,,5
27905.0,45.878736231119326,2017-11-20 09:05:00,192.6518018245697,1119.5,25.0,0.2742513237328821,0.3790424159493352,0.7235372934345691,0.2706319821857386,,5
27920.0,44.73824787283162,2017-11-20 09:20:00,204.6518018245697,1115.0,25.0,0.2334308845130914,0.334544262509122,0.6977578475336322,0.42625418778963936,,5
27935.0,41.9388673570345,2017-11-20 09:35:00,211.82337474823,1075.0,24.0,0.2008081124545952,0.3010721351306692,0.6669767441860465,0.5138181191948185,,5
27950.0,41.16126165820197,2017-11-20 09:50:00,209.5807341337204,1075.0,24.0,0.2009802943748085,0.3075499166589596,0.6534883720930232,0.20699443065473605,,5
27965.0,43.02751533540005,2017-11-20 10:05:00,204.5096664428711,1109.5,25.0,0.22414084802661047,0.3333569314819363,0.6723749436683191,0.5636526006678124,,5
27980.0,44.47904597322078,2017-11-20 10:20:00,209.48022890090942,1111.5,25.0,0.22078937113598746,0.31829751753262003,0.6936572199730094,0.452186815981021,,5
27995.0,43.02751533540005,2017-11-20 10:35:00,216.30865597724915,1102.0,24.0,0.1979381715535932,0.29596725244512845,0.6687840290381125,0.41810409592520215,,5
28010.0,42.975674955477885,2017-11-20 10:50:00,216.6518018245697,1105.5,24.0,0.1967762104310508,0.2959674838524172,0.6648575305291723,0.41832274884903387,,6
28025.0,44.68640749290945,2017-11-20 11:05:00,216.30865597724915,1126.5,25.0,0.206532501933125,0.3025472866419575,0.6826453617399023,0.4392642005197063,,6
28040.0,43.70144027438825,2017-11-20 11:20:00,209.23758828639984,1123.5,25.0,0.217426807921364,0.3224805527388151,0.6742323097463284,0.4324726184163813,,6
28055.0,46.60450155002969,2017-11-20 11:35:00,212.0660153627396,1165.5,25.0,0.2267546677129997,0.32567167617929904,0.6962676962676962,0.4875823991338785,,5
28070.0,46.18977851065234,2017-11-20 11:50:00,211.48022890090942,1153.0,25.0,0.2259052735097358,0.32396614472229524,0.6973113616652211,0.2242077599834808,,6
28085.0,44.997449772442465,2017-11-20 12:05:00,219.48022890090942,1145.5,25.0,0.20165014982428506,0.2988230874821715,0.6748144914884331,0.3191226470485081,,5
28100.0,45.671374711430644,2017-11-20 12:20:00,212.30865597724915,1152.0,25.0,0.2221942333206421,0.32116406121126684,0.6918402777777778,0.5473473182830053,,5
28115.0,45.36033243189764,2017-11-20 12:35:00,222.5512965917588,1149.0,25.0,0.1977724191545661,0.2915208590232154,0.6784160139251523,0.42082317734023067,,6
28130.0,42.975674955477885,2017-11-20 12:50:00,220.0660153627396,1121.0,25.0,0.19032858651810936,0.290877089961555,0.6543264942016057,0.3471369472736308,,6
28145.0,44.73824787283162,2017-11-20 13:05:00,221.13708305358887,1150.0,25.0,0.1978688528190403,0.2955184165479173,0.6695652173913044,0.4894223252901264,,5
29165.0,61.06796754831476,2017-11-21 06:05:00,229.9655101299286,1471.0,27.0,0.25924429169702673,0.3495401953128564,0.7416723317471108,0.6487998876107621,,6
29180.0,59.14987349119453,2017-11-21 06:20:00,249.62236428260803,1438.5,27.0,0.20832586847906626,0.29010335121697656,0.7181091414668057,0.6329658516299127,,6
29195.0,60.96428678847042,2017-11-21 06:35:00,253.62236428260803,1502.0,28.0,0.20864405911298195,0.2934301280783697,0.711051930758988,0.6028567459787352,,8
29210.0,59.875638810104896,2017-11-21 06:50:00,248.20815074443817,1472.0,28.0,0.21366422792971398,0.30025178378285344,0.7116168478260869,0.6549262084833832,,7
29225.0,58.942511971505844,2017-11-21 07:05:00,244.7939372062683,1451.0,28.0,0.21641544220275616,0.304281789376162,0.7112336319779462,0.6489188066803129,,6
29240.0,59.409075390805356,2017-11-21 07:20:00,253.8650048971176,1478.5,27.0,0.20229832819550114,0.288287304324866,0.7017247210010146,0.5904973967748657,,6
29255.0,57.85386399314029,2017-11-21 07:35:00,244.20815074443817,1455.5,27.0,0.2135567520565646,0.3066915171369805,0.6963242871865338,0.6056019255925559,,6
29270.0,57.38730057384078,2017-11-21 07:50:00,251.62236428260803,1452.5,27.0,0.19867602580084529,0.2882886388368909,0.6891566265060238,0.6610417080208385,,6
29285.0,56.66153525493042,2017-11-21 08:05:00,249.0365778207779,1445.5,27.0,0.20049307788464707,0.2928880688047068,0.6845382220684885,0.6566470874677407,,6
29300.0,57.0244179143856,2017-11-21 08:20:00,241.9655101299286,1444.0,27.0,0.2146361809584642,0.3099346453040223,0.6925207756232687,0.6577708066716641,,5
29315.0,57.076258294307785,2017-11-21 08:35:00,247.9655101299286,1441.0,28.0,0.20417040743761136,0.29450406117877675,0.6932685634975712,0.6472118318223745,,6
29330.0,57.594662093529465,2017-11-21 08:50:00,250.7939372062683,1490.0,27.0,0.2015890616444729,0.29768850530254176,0.6771812080536913,0.6528953455023147,,5
29345.0,58.89067159158368,2017-11-21 09:05:00,250.7939372062683,1505.5,27.0,0.20618425333706247,0.3007852649214608,0.6854865493191631,0.6238667571784998,,6
29360.0,62.88238084559067,2017-11-21 09:20:00,255.37972366809845,1566.5,28.0,0.21320061684031388,0.3018334986718045,0.7063517395467603,0.6455479347873357,,6
29375.0,63.91918844403404,2017-11-21 09:35:00,256.4507913589477,1580.5,28.0,0.21457619170594605,0.3019925832513337,0.7105346409364125,0.6152177216404118,,6
29390.0,62.571338566057655,2017-11-21 09:50:00,258.20815074443817,1572.5,28.0,0.2072360009381708,0.29638800497978496,0.6992050874403816,0.5976162170887355,,6
29405.0,65.52624022162128,2017-11-21 10:05:00,273.4213538169861,1650.0,29.0,0.19296870992295928,0.2773504977115704,0.6957575757575758,0.5294818562780395,,6
29420.0,66.35568630037598,2017-11-21 10:20:00,266.5929267406464,1645.0,29.0,0.2061632108522332,0.2908563309193169,0.7088145896656535,0.5627131761979238,,7
29435.0,63.815507684189704,2017-11-21 10:35:00,261.76449966430664,1614.5,28.0,0.20613639674293407,0.2960918261045081,0.6961907711365748,0.5361795344728723,,5
29450.0,63.76366730426754,2017-11-21 10:50:00,264.6934319734573,1617.5,28.0,0.20043384872898384,0.2901134231043681,0.6908809891808346,0.610359559712592,,7
29465.0,62.98606160543501,2017-11-21 11:05:00,258.4507913589477,1587.0,28.0,0.2086342848871496,0.2985596123678146,0.6988027725267801,0.6092057907181361,,5
29480.0,64.38575186333357,2017-11-21 11:20:00,260.35028612613684,1623.5,28.0,0.21014316544889264,0.3009858218846733,0.6981829380967046,0.574832846464678,,6
29495.0,61.01612716839259,2017-11-21 11:35:00,256.9360725879669,1573.0,28.0,0.205010169410685,0.2994252520733589,0.6846789574062301,0.5751767158509526,,5
29510.0,65.47439984169911,2017-11-21 11:50:00,264.5929267406464,1658.5,29.0,0.2067787390989272,0.2976931760378218,0.6946035574314139,0.5394287964111778,,6
29525.0,67.08145161928634,2017-11-21 12:05:00,264.1076455116272,1672.5,29.0,0.21276383735166945,0.3013103454451034,0.7061285500747384,0.5337991146856602,,6
29540.0,64.8523152826331,2017-11-21 12:20:00,263.1787132024765,1643.0,29.0,0.20746484441980514,0.2980889719123217,0.6959829580036518,0.5721382827169765,,6
29555.0,68.17009959765188,2017-11-21 12:35:00,265.76449966430664,1684.5,28.0,0.21385548581796035,0.29970013798698353,0.7135648560403679,0.5357603378977214,,5
29570.0,68.53298225710707,2017-11-21 12:50:00,268.5929267406464,1703.0,29.0,0.21042030956724248,0.2966438635703757,0.7093364650616559,0.5269170051256539,,6
29585.0,66.71856895983115,2017-11-21 13:05:00,271.76449966430664,1682.5,30.0,0.2000929266708082,0.2862724057173765,0.6989598811292719,0.6026340158919193,,6
29600.0,66.87409009959768,2017-11-21 13:20:00,268.00714027881617,1684.5,29.0,0.206704942238716,0.29470543817276096,0.701395072721876,0.557350679754166,,6
29615.0,65.1633575621661,2017-11-21 13:35:00,263.76449966430664,1653.0,29.0,0.2078990484833454,0.2985726560755603,0.6963097398669087,0.5805533781487315,,6
29630.0,67.18513237913068,2017-11-21 13:50:00,264.35028612613684,1690.5,29.0,0.2137221234358774,0.3039943202931012,0.7030464359656906,0.5290236501013523,,6
29645.0,66.14832478068729,2017-11-21 14:05:00,262.9360725879669,1658.0,29.0,0.2124829228711778,0.3013658563904301,0.7050663449939686,0.5618895224692781,,5
29660.0,66.87409009959768,2017-11-21 14:20:00,263.0365778207779,1669.0,29.0,0.214590898799816,0.3031334829427786,0.7079089275014979,0.5139113501808249,,5
29675.0,67.08145161928634,2017-11-21 14:35:00,260.4507913589477,1674.0,29.0,0.21952139390178446,0.31010870328403994,0.7078853046594982,0.505318396516978,,6
29690.0,66.51120744014248,2017-11-21 14:50:00,262.4507913589477,1674.0,29.0,0.2150938018273728,0.3054003598464988,0.7043010752688172,0.5372124992622999,,6
29705.0,68.11825921772972,2017-11-21 15:05:00,268.35028612613684,1706.0,29.0,0.21053924678693486,0.29770406549399986,0.7072098475967175,0.5198236202034695,,6
29720.0,67.59985541850803,2017-11-21 15:20:00,268.35028612613684,1697.0,29.0,0.2086197012298223,0.2961335282199987,0.7044784914555097,0.5293066166067305,,6
29735.0,68.9477052964844,2017-11-21 15:35:00,264.6934319734573,1700.5,30.0,0.218907841050313,0.30500023245068186,0.7177300793884152,0.5093809616935524,,6
29750.0,68.89586491656225,2017-11-21 15:50:00,269.1787132024765,1723.5,30.0,0.21132650579819395,0.29890950573917713,0.7069915868871482,0.5396936024915769,,6
29765.0,68.89586491656225,2017-11-21 16:05:00,268.1076455116272,1711.0,30.0,0.21310575204773424,0.29911726148783696,0.712448860315605,0.5031028892321463,,6
29780.0,67.75537655827452,2017-11-21 16:20:00,272.2497808933258,1709.0,29.0,0.20361876246776967,0.28974559954822515,0.7027501462843768,0.5536987024588814,,6
29795.0,66.51120744014248,2017-11-21 16:35:00,268.6934319734573,1688.5,29.0,0.20530224959965607,0.2938981334879351,0.6985490079952621,0.5723693185967608,,6
29810.0,68.6366630169514,2017-11-21 16:50:00,267.4213538169861,1708.0,29.0,0.2136737995887275,0.3001273435012719,0.711943793911007,0.5270222436330632,,5
29825.0,68.74034377679574,2017-11-21 17:05:00,266.9360725879669,1718.0,29.0,0.21427505196057287,0.3029831598915755,0.7072176949941793,0.5573802591564487,,6
29840.0,70.34739555438297,2017-11-21 17:20:00,269.1787132024765,1734.0,29.0,0.21583572955753166,0.3007305384112174,0.7177047289504037,0.5588306041383232,,6
29855.0,69.98451289492779,2017-11-21 17:35:00,270.00714027881617,1736.5,30.0,0.2136514757038165,0.2993189088823537,0.7137921105672329,0.6039501154891782,,6
29870.0,70.45107631422731,2017-11-21 17:50:00,272.835567355156,1749.0,30.0,0.2105951902036529,0.2952553007344201,0.7132647226986851,0.5525070071824677,,6
30605.0,76.51640076512105,2017-11-22 06:05:00,294.14927566051483,1959.5,30.0,0.19802929426593754,0.2845899538790646,0.6958407757080888,0.33350871189560943,,6
30620.0,76.72376228480972,2017-11-22 06:20:00,300.39191627502436,1982.0,30.0,0.1899536974897761,0.27601776277473344,0.6881937436932392,0.2308324629349893,,5
30635.0,74.85750860761165,2017-11-22 06:35:00,292.73506212234486,1941.0,30.0,0.1954746876073555,0.2846334348431185,0.6867594023699124,0.2979367632132573,,5
30650.0,76.62008152496539,2017-11-22 06:50:00,290.9777027368545,1968.0,31.0,0.2029634223971496,0.2920892250658797,0.6948678861788617,0.2717999166392697,,6
30665.0,77.91609102301959,2017-11-22 07:05:00,299.5634891986847,2005.5,31.0,0.19380643514948567,0.280837287349923,0.6901022188980304,0.333919545568492,,7
30680.0,75.73879506628852,2017-11-22 07:20:00,286.14927566051483,1966.5,30.0,0.2077221563487105,0.3017994979384849,0.6882786676837019,0.02788132850664468,,5
30695.0,75.37591240683335,2017-11-22 07:35:00,299.46298396587366,1957.0,31.0,0.18798112550111964,0.27422964040677683,0.6854879918242207,0.32118541534532,,7
30710.0,74.59830670800079,2017-11-22 07:50:00,292.39191627502436,1969.0,31.0,0.1953458196354408,0.28941754617169513,0.6749619095987811,0.2790707652346887,,6
30725.0,74.59830670800079,2017-11-22 08:05:00,289.3208485841751,1940.5,30.0,0.19974010896640326,0.2913158071772309,0.6856480288585416,0.3621234765330851,,5
30740.0,72.68021265088056,2017-11-22 08:20:00,286.4924215078354,1926.0,31.0,0.198957296726406,0.294876301265916,0.6747144340602285,0.11066650661599572,,4
30755.0,73.35413758986877,2017-11-22 08:35:00,281.4213538169861,1908.0,30.0,0.2081754936478464,0.30274301972567896,0.6876310272536688,0.2357957990060888,,4
30770.0,72.83573379064705,2017-11-22 08:50:00,286.4924215078354,1960.0,30.0,0.19972281152720006,0.3000818019113164,0.6655612244897959,0.06746525884638473,,5
30785.0,71.90260695204803,2017-11-22 09:05:00,289.5634891986847,1956.0,30.0,0.1931857903539962,0.2931508191872898,0.658997955010225,0.18473442322928613,,4
30800.0,71.74708581228153,2017-11-22 09:20:00,288.73506212234486,1939.5,30.0,0.1945974102550956,0.29234831695566066,0.665635473060067,0.17112593067310647,,6
30815.0,72.88757417056924,2017-11-22 09:35:00,285.07820796966547,1936.0,30.0,0.20178660590562167,0.29935545519791856,0.6740702479338843,0.2319107889116535,,5
30830.0,74.80566822768948,2017-11-22 09:50:00,290.73506212234486,1984.0,30.0,0.1989166595123194,0.2949556445982374,0.6743951612903226,0.1971079038332386,,6
30845.0,76.30903924543237,2017-11-22 10:05:00,296.0487704277038,2003.0,31.0,0.19556796243127333,0.2871866779690913,0.6809785322016975,0.24704240634211816,,5
30860.0,78.43449482224129,2017-11-22 10:20:00,303.8061298131944,2076.0,31.0,0.1908138532237115,0.28264684929891193,0.6750963391136802,0.3204199730547053,,6
30875.0,76.82744304465406,2017-11-22 10:35:00,300.14927566051483,2034.5,31.0,0.1915860698599219,0.2837873018784209,0.6751044482673876,0.23847097449121696,,5
30890.0,80.66363115889455,2017-11-22 10:50:00,302.0487704277038,2106.0,31.0,0.1983436092507148,0.2900775285291703,0.6837606837606838,0.2657612074056632,,6
30905.0,77.70872950333094,2017-11-22 11:05:00,314.0487704277038,2105.5,31.0,0.1764677883075969,0.2682692622972168,0.6578009973877939,0.303683419060864,,6
30920.0,77.29400646395358,2017-11-22 11:20:00,307.46298396587366,2057.5,31.0,0.18311157411501264,0.2735042205020969,0.6695018226002429,0.2391754523411838,,6
30935.0,76.4127200052767,2017-11-22 11:35:00,297.22034335136414,2038.0,31.0,0.19488273597335207,0.28990585103189165,0.6722276741903828,0.17670520693212138,,5
30950.0,75.63511430644421,2017-11-22 11:50:00,300.0487704277038,2020.0,31.0,0.18941135410565696,0.28195352637688065,0.6717821782178218,0.2550115622815615,,5
30965.0,76.04983734582153,2017-11-22 12:05:00,299.46298396587366,2039.0,31.0,0.191204059445604,0.2857201005566776,0.6692005885237862,0.09084225477106067,,5
30980.0,77.39768722379792,2017-11-22 12:20:00,309.8061298131944,2071.5,31.0,0.18087591470103,0.27121567665811325,0.666908037653874,0.23893722038544205,,6
30995.0,79.31578128091816,2017-11-22 12:35:00,313.7056245803833,2119.5,31.0,0.18042944572538008,0.2706441685880701,0.6666666666666666,0.3857676073295875,,6
31010.0,77.34584684387575,2017-11-22 12:50:00,305.8061298131944,2065.5,31.0,0.1853698915471422,0.2775509322150216,0.6678770273541516,0.0583433127992652,,6
31025.0,79.26394090099599,2017-11-22 13:05:00,303.46298396587366,2112.0,31.0,0.19301958072792968,0.2881989073859226,0.6697443181818182,0.12781749297632114,,5
31040.0,79.4194620407625,2017-11-22 13:20:00,305.8061298131944,2113.0,31.0,0.1908792540360388,0.2839337302204505,0.6722669190724089,0.2518561305042991,,7
31055.0,79.52314280060683,2017-11-22 13:35:00,317.7056245803833,2148.0,32.0,0.17653722182787826,0.2674202767886336,0.660148975791434,0.3205836240338717,,6
31070.0,80.4044292592837,2017-11-22 13:50:00,319.9482651948929,2157.5,32.0,0.17548277936209078,0.2648507145671289,0.6625724217844727,0.2779399548573239,,7
31085.0,81.38939647780491,2017-11-22 14:05:00,298.14927566051483,2114.5,31.0,0.20589833552717168,0.2989166017660175,0.6888153227713407,0.169324663195246,,6
31100.0,81.44123685772708,2017-11-22 14:20:00,306.39191627502436,2135.0,31.0,0.19463442877476547,0.2857940202435517,0.6810304449648712,0.2330735519952417,,5
31115.0,79.73050432029551,2017-11-22 14:35:00,312.634556889534,2116.5,31.0,0.1823749737852644,0.2721160606390638,0.6702102527758091,0.13406930684853938,,7
31130.0,81.02651381834973,2017-11-22 14:50:00,308.634556889534,2140.5,31.0,0.19082672626053065,0.28238133948196736,0.6757766876897922,0.2371167697989161,,7
31145.0,81.28571571796056,2017-11-22 15:05:00,317.7056245803833,2153.5,32.0,0.18052113656588395,0.2681050121342284,0.6733224982586488,0.06810876078190771,,7
31160.0,80.92283305850539,2017-11-22 15:20:00,306.0487704277038,2130.5,31.0,0.1939978330585062,0.28583152374214904,0.6787139169209105,0.16966042888321214,,6
31175.0,81.44123685772708,2017-11-22 15:35:00,318.634556889534,2167.0,31.0,0.17953199132464692,0.2682149777321681,0.6693585602215044,0.2568823578287131,,5
31190.0,82.63356559593696,2017-11-22 15:50:00,309.9482651948929,2155.5,31.0,0.19300593238264546,0.2819547863441493,0.6845279517513339,0.06846810307539458,,5
31205.0,83.15196939515864,2017-11-22 16:05:00,315.46298396587366,2211.0,32.0,0.1872008222894357,0.2791912432255934,0.6705110809588422,0.3079161273278771,,5
31220.0,80.4044292592837,2017-11-22 16:20:00,309.8061298131944,2114.5,31.0,0.18833876460183244,0.2768455458815257,0.6803026720264838,0.1081709891421333,,6
31235.0,81.49307723764925,2017-11-22 16:35:00,304.634556889534,2120.5,32.0,0.1972250246904661,0.287137428668818,0.6868663051167178,0.334177058955854,,7
31250.0,79.98970621990634,2017-11-22 16:50:00,331.6051193475723,2112.5,31.0,0.1602766589425115,0.2414149319187562,0.663905325443787,0.17300880840419852,,6
31265.0,80.50811001912804,2017-11-22 17:05:00,310.0487704277038,2130.0,31.0,0.1877172905634138,0.2784385995125845,0.6741784037558686,0.039157531700655834,,7
31280.0,82.52988483609262,2017-11-22 17:20:00,307.8061298131944,2161.5,32.0,0.1954364095893816,0.28668869991682955,0.6817025213971779,0.2759808772697883,,6
31295.0,81.9078002770266,2017-11-22 17:35:00,311.5634891986847,2161.5,32.0,0.18887393921633247,0.27981564058677355,0.6749942169789498,0.21694113880523289,,6
31310.0,81.33755609788274,2017-11-22 17:50:00,313.46298396587366,2172.5,32.0,0.1858884358864758,0.2778415046187607,0.6690448791714615,0.3435123189309761,,6
32045.0,89.37281498581888,2017-11-23 06:05:00,350.9188276529312,2475.0,33.0,0.16332482551811214,0.2525641631723384,0.6466666666666666,0.4291329742299613,,6
32060.0,91.80931284216082,2017-11-23 06:20:00,350.57568180561066,2526.0,33.0,0.1682457784831938,0.258273373715313,0.6514251781472684,0.5226697207585449,,5
32075.0,91.75747246223864,2017-11-23 06:35:00,342.43354642391205,2508.0,33.0,0.17677041300549404,0.26877247397258497,0.657695374800638,0.5829982502311619,,4
32090.0,92.37955702130468,2017-11-23 06:50:00,331.9482651948929,2490.0,33.0,0.1902809313245148,0.2839673473167766,0.6700803212851406,0.5876679887965867,,4
32105.0,90.5133033441066,2017-11-23 07:05:00,352.0904005765915,2571.5,33.0,0.16507802250078582,0.26066818229092464,0.6332879642232161,0.622378790914504,,6
32120.0,89.6838572653519,2017-11-23 07:20:00,347.74725472927094,2522.0,33.0,0.16860371871255658,0.2620761655427228,0.6433386201427439,0.6193092993384857,,6
32135.0,89.94305916496275,2017-11-23 07:35:00,345.74725472927094,2538.5,33.0,0.17108556972661734,0.26685144009279144,0.6411266495962182,0.6407863545846014,,4
32150.0,89.6838572653519,2017-11-23 07:50:00,339.1198381185532,2469.5,33.0,0.17652671273150622,0.2698438360200895,0.6541810083012756,0.5795525376079756,,5
32165.0,88.28416700745335,2017-11-23 08:05:00,330.77669227123266,2449.5,33.0,0.18416581883358246,0.2813309468243593,0.6546233925290875,0.5720340971591864,,5
32180.0,88.59520928698635,2017-11-23 08:20:00,348.67618703842163,2536.0,33.0,0.16527750628790067,0.2621286778900038,0.6305205047318612,0.6365854813233588,,5
32195.0,85.3811057318119,2017-11-23 08:35:00,351.5046141147613,2533.5,33.0,0.15520379528610315,0.2576728803128063,0.6023287941582791,0.6559201417609237,,6
32210.0,84.91454231251238,2017-11-23 08:50:00,340.1909058094025,2449.0,33.0,0.1658072444658675,0.26592137635684976,0.6235198040016333,0.6176448149172792,,5
32225.0,82.78908673570345,2017-11-23 09:05:00,339.8477599620818,2370.5,32.0,0.16179012447511565,0.25791761268881075,0.6272938198692259,0.5571291046081017,,5
32240.0,86.57343447002178,2017-11-23 09:20:00,336.77669227123266,2460.5,33.0,0.17400581042838226,0.2726146428265104,0.6382849014427961,0.6508643768910265,,5
32255.0,90.40962258426228,2017-11-23 09:35:00,355.1614682674408,2574.0,33.0,0.16278344331501718,0.2564287534227994,0.6348096348096348,0.6467347598936951,,6
32270.0,92.58691854099337,2017-11-23 09:50:00,348.9188276529312,2619.5,33.0,0.17284077568430795,0.2703830468229589,0.6392441305592671,0.6539395958816009,,6
32285.0,93.5200453795924,2017-11-23 10:05:00,362.8183224201202,2663.5,34.0,0.16075834604815184,0.25426357167414043,0.6322507978224141,0.6237879951319595,,5
32300.0,94.55685297803578,2017-11-23 10:20:00,358.81832242012024,2658.5,34.0,0.16690015944914768,0.2594760666055901,0.6432198608237728,0.6982463698292128,,6
32315.0,94.76421449772444,2017-11-23 10:35:00,357.5046141147613,2677.5,34.0,0.16773573192942598,0.263254643752074,0.6371615312791783,0.6524151385262761,,7
32330.0,93.05348196029287,2017-11-23 10:50:00,352.0904005765915,2620.0,33.0,0.1703491659886832,0.2655845372748289,0.6414122137404581,0.6634686868456966,,6
32345.0,95.54182019655696,2017-11-23 11:05:00,367.7472547292709,2742.0,34.0,0.15968367601373792,0.2547876867207852,0.6267323121808899,0.6672518575527601,,7
32360.0,93.77924727920325,2017-11-23 11:20:00,351.0193328857422,2666.0,34.0,0.17286914879714213,0.2718992039487793,0.6357839459864967,0.6581412713836445,,6
32375.0,92.06851474177166,2017-11-23 11:35:00,359.1614682674408,2610.0,33.0,0.16102868299497602,0.2542558152552253,0.6333333333333333,0.6871180013341532,,7
32390.0,90.30594182441791,2017-11-23 11:50:00,367.9898953437805,2644.0,34.0,0.14986858388165528,0.24535760729603506,0.6108169440242057,0.6393027677186349,,5
32405.0,95.1789375371018,2017-11-23 12:05:00,347.9482651948929,2657.0,34.0,0.1786847710459444,0.27578590570378986,0.6479111780203237,0.6560285972335799,,5
32420.0,91.60195132247215,2017-11-23 12:20:00,361.4041088819504,2673.5,34.0,0.16004661659691194,0.2572194947230803,0.6222180662053488,0.6795564811535261,,5
32435.0,95.59366057647915,2017-11-23 12:35:00,353.74725472927094,2678.0,34.0,0.1738786275330005,0.26892692147466096,0.6465646004480956,0.6722126976221188,,5
32450.0,95.07525677725744,2017-11-23 12:50:00,348.33304119110113,2664.5,34.0,0.17854914814808415,0.2759537153367577,0.6470257083880653,0.6436285223121252,,5
32465.0,97.82279691313241,2017-11-23 13:05:00,355.26197350025177,2714.5,34.0,0.17588388817836945,0.2702727508973585,0.6507644133357893,0.6621977959189079,,5
32480.0,99.01512565134227,2017-11-23 13:20:00,355.1614682674408,2712.0,34.0,0.17862344789707826,0.27017668192798444,0.6611356932153393,0.6734857639595659,,5
32495.0,97.4599142536772,2017-11-23 13:35:00,364.57568180561066,2740.5,34.0,0.1664449028885948,0.2590981291486476,0.6424010217113666,0.6806775863317089,,6
32510.0,96.21574513554516,2017-11-23 13:50:00,360.9188276529312,2741.5,34.0,0.16829133741410468,0.2644715973177232,0.6363304760167792,0.6726515837772242,,6
32525.0,94.45317221819143,2017-11-23 14:05:00,371.9898953437805,2702.0,34.0,0.1534738128532502,0.2453764747511728,0.6254626202812731,0.6418003776483974,,6
32540.0,95.12709715717962,2017-11-23 14:20:00,354.67618703842163,2686.5,34.0,0.17172031595214474,0.2683691848780901,0.6398659966499163,0.6492910930233946,,5
32555.0,97.71911615328806,2017-11-23 14:35:00,351.8477599620819,2727.5,34.0,0.17966916502233374,0.2768630777392177,0.6489459211732356,0.6775553691091207,,5
32570.0,98.34120071235407,2017-11-23 14:50:00,348.0904005765915,2699.5,34.0,0.1849689725612828,0.2799684560858889,0.6606779033154287,0.67504825311844,,5
32585.0,97.61543539344372,2017-11-23 15:05:00,349.8477599620819,2709.5,34.0,0.1811132608069156,0.27818955791175604,0.6510426277911053,0.6298518197390985,,5
32600.0,99.53352945056395,2017-11-23 15:20:00,352.67618703842163,2742.0,34.0,0.1819580622978892,0.2770288766356536,0.6568198395331875,0.6722035730898083,,5
32615.0,98.23751995250973,2017-11-23 15:35:00,365.64674949646,2747.0,34.0,0.16627014016908362,0.2581933719867003,0.6439752457226064,0.6677329785182169,,6
32630.0,102.54027148604976,2017-11-23 15:50:00,359.64674949646,2816.0,36.0,0.18060799643558387,0.27358371057697906,0.66015625,0.6525266890593462,,6
32645.0,103.1105156651936,2017-11-23 16:05:00,370.1320307254791,2796.5,35.0,0.17033677788275367,0.25651416227739404,0.6640443411407116,0.6733070954008016,,5
32660.0,100.36297552931866,2017-11-23 16:20:00,354.81832242012024,2754.0,34.0,0.180466341303178,0.2748917610337125,0.6564996368917938,0.6941904983836501,,5
32675.0,103.73260022425964,2017-11-23 16:35:00,377.546244263649,2851.0,36.0,0.16375643598189535,0.2513429873401796,0.6515257804279201,0.6866221065553807,,5
32690.0,102.2810695864389,2017-11-23 16:50:00,360.1320307254791,2777.0,34.0,0.17876509936336935,0.269068119746383,0.6643860280878646,0.6821587808306656,,5
32705.0,101.97002730690588,2017-11-23 17:05:00,381.78888487815857,2788.0,36.0,0.1579387775838337,0.24035661130116184,0.6571018651362984,0.6428034766360643,,5
32720.0,99.94825248994131,2017-11-23 17:20:00,377.0609630346298,2767.0,36.0,0.15869824669379715,0.2445658861608113,0.6488977231658837,0.6608472470398168,,7
32735.0,99.06696603126444,2017-11-23 17:35:00,378.8599525690079,2760.5,36.0,0.15588145143450366,0.2416797229345394,0.6449918493026625,0.6444990875402212,,6
32750.0,101.34794274783987,2017-11-23 17:50:00,369.3036036491394,2796.0,36.0,0.16815339566430185,0.2576202160424044,0.6527181688125894,0.6841299027125715,,5
33485.0,109.64240353538686,2017-11-24 06:05:00,366.2325359582901,3091.0,37.0,0.18649113730160635,0.28959764149674216,0.6439663539307667,0.7835894190465726,,5
33500.0,110.36816885429722,2017-11-24 06:20:00,366.2325359582901,3147.0,37.0,0.1886460210785152,0.29484431504052,0.6398156974896727,0.7748345421746416,,5
33515.0,108.03535175779965,2017-11-24 06:35:00,420.03152549266815,3146.5,37.0,0.13636454240239906,0.22411649656262653,0.6084538375973304,0.767232320163213,,7
33530.0,103.88812136402613,2017-11-24 06:50:00,420.5168067216873,3108.0,37.0,0.1300807048584085,0.22086360595462093,0.588963963963964,0.7576439407362779,,6
33545.0,102.79947338566059,2017-11-24 07:05:00,419.6883796453476,3067.0,37.0,0.1293819030283803,0.21881130222665696,0.591294424519074,0.7654704105609595,,6
33560.0,100.20745438955215,2017-11-24 07:20:00,403.445739030838,3002.0,37.0,0.13672821973210994,0.2317662990603016,0.5899400399733511,0.751402028685563,,5
33575.0,101.34794274783987,2017-11-24 07:35:00,407.6883796453476,3051.5,37.0,0.13552279893989772,0.2307100814310169,0.5874160249057839,0.7630169191083209,,5
33590.0,100.67401780885169,2017-11-24 07:50:00,402.71781718730927,3028.5,37.0,0.1379590367949335,0.23465821001598205,0.5879148093115404,0.7371148595230724,,5
33605.0,100.82953894861818,2017-11-24 08:05:00,413.6883796453476,3018.0,37.0,0.13162015096019286,0.22160648011038328,0.5939363817097415,0.7774651343706576,,6
33620.0,98.91144489149794,2017-11-24 08:20:00,401.2030984163284,2971.0,37.0,0.13720711763824084,0.2319444361326961,0.5915516661056883,0.7542880398417997,,6
33635.0,98.96328527142008,2017-11-24 08:35:00,406.03152549266815,3000.0,37.0,0.13373458272774796,0.2286712728317149,0.5848333333333333,0.7579702108439943,,5
33650.0,98.85960451157578,2017-11-24 08:50:00,423.24472856521606,3001.5,37.0,0.12220103920234986,0.2105547756405586,0.580376478427453,0.7624763376448298,,6
33665.0,97.61543539344372,2017-11-24 09:05:00,421.1025931835175,2968.0,37.0,0.12181756355029452,0.21032840524565105,0.5791778975741241,0.7657423781084303,,6
33680.0,98.49672185212059,2017-11-24 09:20:00,414.8599525690079,2991.5,37.0,0.12693504237200054,0.21842173094957693,0.5811465819822831,0.78174928763145,,6
33695.0,96.785989314689,2017-11-24 09:35:00,417.1025931835175,2995.5,37.0,0.12344290881094624,0.21636818802995286,0.5705224503421801,0.7708221593670489,,8
33710.0,99.79273135017479,2017-11-24 09:50:00,418.2741661071777,3191.0,37.0,0.1267746702648471,0.2291999845978057,0.5531181447821999,0.8301677995317315,,6
33725.0,99.89641211001916,2017-11-24 10:05:00,423.1025931835175,3126.0,37.0,0.12403808119137058,0.21943579049475068,0.5652591170825336,0.8264145669092489,,6
33740.0,100.36297552931866,2017-11-24 10:20:00,391.78888487815857,3099.5,37.0,0.14858749864506765,0.2537448771627478,0.5855783190837232,0.791898624079928,,6
33755.0,102.90315414550491,2017-11-24 10:35:00,389.8893901109696,3141.0,38.0,0.15462679078936806,0.2596539694570462,0.5955109837631327,0.7993419043906195,,6
33770.0,105.59885390145772,2017-11-24 10:50:00,396.3746713399887,3178.5,38.0,0.15296762294563146,0.2542261906053279,0.6016989145823501,0.8001847018440419,,5
33785.0,108.55375555702132,2017-11-24 11:05:00,395.546244263649,3230.0,38.0,0.15786591885591536,0.2594286023427151,0.6085139318885449,0.8093558483768947,,6
33800.0,106.89486339951193,2017-11-24 11:20:00,395.64674949646,3260.5,38.0,0.1563005878548406,0.2617452833593774,0.5971476767366968,0.8286489505096069,,6
33815.0,101.65898502737288,2017-11-24 11:35:00,415.445739030838,3198.0,38.0,0.1318559391149317,0.23284113378771484,0.5662914321450907,0.819338847715369,,6
33830.0,105.33965200184687,2017-11-24 11:50:00,425.2030984163284,3233.0,38.0,0.12959236352493533,0.2247101696305261,0.5767089390658829,0.8139137269893242,,6
33845.0,103.62891946441529,2017-11-24 12:05:00,424.6173119544983,3215.0,38.0,0.12949714100054985,0.22407605399180186,0.5779160186625194,0.8136961049763737,,7
33860.0,100.777698568696,2017-11-24 12:20:00,406.3746713399887,3160.0,37.0,0.13853110064883653,0.2404604658337399,0.5761075949367088,0.8025881459830135,,6
33875.0,97.61543539344372,2017-11-24 12:35:00,396.1320307254791,3139.5,37.0,0.14206384306401845,0.2514145633029797,0.5650581302755215,0.8051330747825084,,6
33890.0,107.82799023811096,2017-11-24 12:50:00,399.3036036491394,3293.0,38.0,0.15455426651670928,0.259534523018625,0.5955056179775281,0.8220612349071516,,6
33905.0,102.43659072620541,2017-11-24 13:05:00,425.34523379802704,3254.5,38.0,0.1263801255800729,0.2260533765871653,0.5590720540789675,0.8091790803532687,,8
33920.0,109.33136125585385,2017-11-24 13:20:00,401.546244263649,3303.5,38.0,0.15372897781584632,0.2574619407932311,0.5970939912214318,0.8384935061566614,,7
33935.0,108.34639403733264,2017-11-24 13:35:00,409.8893901109696,3283.5,39.0,0.14506621983153906,0.2455916126923735,0.5906806761078118,0.8367631087564001,,6
33950.0,109.38320163577602,2017-11-24 13:50:00,398.3746713399887,3327.5,38.0,0.15586975284697774,0.26347808107610793,0.5915852742299024,0.835105114027796,,6
33965.0,110.47184961414156,2017-11-24 14:05:00,402.2325359582901,3313.5,39.0,0.15452523521703246,0.2573608277917251,0.6004225139580504,0.8362469080236339,,6
33980.0,109.22768049600953,2017-11-24 14:20:00,399.3036036491394,3286.5,38.0,0.15534240658053747,0.2590222319771367,0.5997261524418074,0.8225216947113877,,6
33995.0,107.7761498581888,2017-11-24 14:35:00,391.8477599620819,3346.0,38.0,0.1600825440828848,0.2738426342031353,0.5845786013150029,0.8199202001667901,,6
34010.0,106.4282999802124,2017-11-24 14:50:00,402.71781718730927,3278.0,38.0,0.14903915039317864,0.2539902963290042,0.5867907260524711,0.8049519531988315,,7
34025.0,109.38320163577602,2017-11-24 15:05:00,409.2030984163284,3313.5,38.0,0.1473543437819079,0.2486674907671769,0.5925758261656858,0.8388411206375732,,6
34040.0,107.98351137787745,2017-11-24 15:20:00,401.3036036491394,3321.0,38.0,0.15169106669193042,0.25913890559871444,0.5853658536585366,0.837204942335369,,6
34055.0,108.3982344172548,2017-11-24 15:35:00,404.71781718730927,3304.5,38.0,0.14941103775683418,0.2535192679165384,0.5893478589801785,0.8187451712019029,,6
34070.0,108.34639403733264,2017-11-24 15:50:00,412.1320307254791,3305.5,38.0,0.1441206056508254,0.2445537279151969,0.5893208289214945,0.8362397210035423,,6
34085.0,108.86479783655432,2017-11-24 16:05:00,409.2030984163284,3319.5,38.0,0.14712920345527394,0.2491177714204448,0.5906009941256213,0.8216238637467695,,6
34100.0,108.81295745663216,2017-11-24 16:20:00,404.96045780181885,3316.5,38.0,0.15018988951924372,0.2541350860155979,0.5909844715814865,0.8338242388668019,,6
35275.0,145.8788291009828,2017-11-25 11:55:00,470.0731556415558,4321.0,43.0,0.1515001919318678,0.2457328563579583,0.6165239527887063,0.932870655050678,,7
35290.0,135.92547615592642,2017-11-25 12:10:00,489.5878744125366,4214.0,43.0,0.12771027548592878,0.22092409724864687,0.5780730897009967,0.9254975159140404,,8
35305.0,136.65124147483678,2017-11-25 12:25:00,456.7594473361969,4222.0,43.0,0.15046213515844534,0.2543038969731611,0.5916627190904784,0.9229227881197266,,6
35320.0,134.99234931732735,2017-11-25 12:40:00,452.6173119544983,4209.5,43.0,0.15132709370894534,0.25821297161240603,0.5860553509918043,0.9224637995098866,,6
35335.0,139.6061431304004,2017-11-25 12:55:00,441.546244263649,4230.0,43.0,0.1642638932157352,0.27264519062293896,0.6024822695035461,0.914903179031342,,6
35350.0,142.66472554580838,2017-11-25 13:10:00,455.445739030838,4311.5,43.0,0.15769239363626758,0.2611950653717893,0.6037341992346051,0.9186454434171925,,6
35365.0,145.46410606160546,2017-11-25 13:25:00,461.8305150270462,4319.0,43.0,0.15610202525348835,0.2544648601886455,0.6134521880064829,0.9195240396201679,,6
35380.0,141.5242371875206,2017-11-25 13:40:00,459.5878744125366,4324.5,43.0,0.15385133205304707,0.25728154890309435,0.5979882067291016,0.9191563454483233,,6
35395.0,143.44233124464088,2017-11-25 13:55:00,451.1025931835175,4337.5,44.0,0.16173153747347888,0.2678543504357444,0.6038040345821326,0.9300358252204994,,6
35410.0,142.45736402611968,2017-11-25 14:10:00,452.2741661071777,4337.0,44.0,0.1599732178869598,0.2664377288693336,0.6004150334332488,0.9328281582111864,,6
35425.0,145.15306378207242,2017-11-25 14:25:00,461.445739030838,4419.5,44.0,0.15580181431038012,0.2608204993730019,0.59735264170155,0.9265657828281034,,7
35440.0,146.3453925202823,2017-11-25 14:40:00,465.34523379802704,4434.0,44.0,0.15537774109694671,0.257309021110686,0.6038565629228687,0.9436938014490572,,6
35455.0,144.94570226238378,2017-11-25 14:55:00,463.24472856521606,4405.5,44.0,0.15482829910592402,0.2579788470919622,0.6001588922937238,0.9435534971577508,,7
35470.0,146.96747707934838,2017-11-25 15:10:00,481.0020879507065,4425.5,44.0,0.14586164178612876,0.2403689055015873,0.6068240876737092,0.9355717035026988,,8
35485.0,147.9006039179474,2017-11-25 15:25:00,464.8599525690079,4498.5,44.0,0.15680720777644958,0.26159733884011066,0.5994220295654107,0.94128129676745,,8
35500.0,145.61962720137197,2017-11-25 15:40:00,483.0020879507065,4420.0,44.0,0.14266315525196704,0.23808614167026404,0.5992081447963801,0.938912603141392,,7
35515.0,146.03435024074932,2017-11-25 15:55:00,473.0020879507065,4401.0,44.0,0.14971400737771792,0.247192401601702,0.6056578050443081,0.9300971451909812,,7
35530.0,149.19661341600158,2017-11-25 16:10:00,471.1025931835175,4508.5,44.0,0.154745670136309,0.25527656560905565,0.6061883109681713,0.9335993654029224,,8
35545.0,147.38220011872568,2017-11-25 16:25:00,483.0020879507065,4461.0,44.0,0.14487164661135185,0.2402946330296489,0.6028917283120376,0.9453485964517024,,7
35560.0,148.83373075654643,2017-11-25 16:40:00,467.78888487815857,4429.0,44.0,0.15625668595730935,0.25434063289412834,0.6143599006547753,0.9347311505077688,,7
35575.0,149.8705383549898,2017-11-25 16:55:00,471.24472856521606,4482.5,44.0,0.1557274898449751,0.2536513347493099,0.6139431121026213,0.9408306024807388,,7
35590.0,154.06960912868547,2017-11-25 17:10:00,460.7594473361969,4502.5,45.0,0.16680242317005628,0.2665109688868625,0.6258745141588007,0.947627300692358,,7
35605.0,148.7300499967021,2017-11-25 17:25:00,480.1736608743668,4472.5,44.0,0.14740091588604645,0.2437606198189473,0.6046953605366127,0.9413272154662428,,7
35620.0,150.3889421542115,2017-11-25 17:40:00,470.1736608743668,4480.5,45.0,0.15635253273430624,0.2546946093132373,0.6138823791987501,0.9401017411829324,,7
35635.0,152.8254400105534,2017-11-25 17:55:00,475.34523379802704,4558.0,45.0,0.15569406168931962,0.2534929570208676,0.6141948222904783,0.952276788653848,,7
36365.0,164.69688701273006,2017-11-26 06:05:00,461.5878744125366,4982.0,47.0,0.18271848854097525,0.29383586504555803,0.6218386190285026,0.9697559031127616,,8
36380.0,168.01467132774886,2017-11-26 06:20:00,500.0731556415558,5144.5,48.0,0.1568326746126314,0.25851512160995904,0.6066673146078336,0.9731319693763932,,8
36395.0,169.20700006595874,2017-11-26 06:35:00,499.7300097942352,5197.0,48.0,0.15815516663295068,0.2615120588582389,0.604771983836829,0.9776046229013288,,8
36410.0,170.0882865246356,2017-11-26 06:50:00,507.0437180995941,5188.5,48.0,0.1545053587856597,0.2536067871114822,0.609231955285728,0.9724574567926452,,7
36425.0,170.55484994393512,2017-11-26 07:05:00,513.8721451759338,5297.5,48.0,0.1510926852086641,0.2520987401237474,0.5993393109957527,0.978377011363268,,9
36440.0,169.46620196556958,2017-11-26 07:20:00,546.8427076339722,5251.0,49.0,0.1298924830949188,0.2206617368914328,0.5886497809940964,0.9756445283759272,,8
36455.0,172.93950742035491,2017-11-26 07:35:00,505.3868639469147,5259.5,48.0,0.15881645254711238,0.25876553041249617,0.6137465538549292,0.9816406947129876,,6
36470.0,172.7321459006662,2017-11-26 07:50:00,505.3868639469147,5297.0,48.0,0.1586688536135184,0.2606105170824207,0.6088351897300359,0.9749439298245128,,8
36485.0,167.65178866829368,2017-11-26 08:05:00,525.7716399431229,5249.5,48.0,0.1421261473994276,0.2386346428189013,0.5955805314791885,0.9776239345805005,,7
36500.0,169.46620196556958,2017-11-26 08:20:00,497.8721451759338,5244.5,48.0,0.16237947927918353,0.265875485195029,0.6107350557727143,0.9811820772562604,,7
36515.0,168.01467132774886,2017-11-26 08:35:00,512.7005722522737,5303.0,48.0,0.15111471468361526,0.2535151319099056,0.596077691872525,0.981363375057558,,9
36530.0,168.01467132774886,2017-11-26 08:50:00,516.1147857904433,5330.5,48.0,0.148815371791336,0.25146943710055997,0.5917831347903574,0.9776022785331522,,7
36545.0,169.51804234549175,2017-11-26 09:05:00,522.6000670194627,5328.0,49.0,0.1462490849982458,0.2451518404501033,0.5965653153153153,0.9797182699700212,,7
36560.0,172.16190172152238,2017-11-26 09:20:00,518.9432128667831,5388.0,49.0,0.1499973621173854,0.2514188169508392,0.5966035634743875,0.9775711534169934,,6
36575.0,172.47294400105537,2017-11-26 09:35:00,501.3868639469147,5407.5,49.0,0.16226037543703642,0.270308989579721,0.6002773925104022,0.9831904274271356,,6
36590.0,173.3023900798101,2017-11-26 09:50:00,503.8721451759338,5428.5,50.0,0.16115862714592954,0.2686884543801224,0.5997973657548126,0.9833510120973756,,7
36605.0,181.07844706813538,2017-11-26 10:05:00,539.0853482484819,5586.5,51.0,0.14552727667029453,0.24156533386379445,0.6024344401682628,0.9818012631400128,,8
36620.0,176.25729173537368,2017-11-26 10:20:00,522.357426404953,5621.5,52.0,0.15175036207442053,0.2588967102887269,0.5861424886596104,0.9830784463711078,,7
36635.0,179.31587415078164,2017-11-26 10:35:00,495.0437180995941,5619.0,51.0,0.17388036616257746,0.2881255610343623,0.603488165153942,0.9828664635319198,,6
36650.0,183.04838150517784,2017-11-26 10:50:00,521.8721451759338,5810.5,52.0,0.15881535723811951,0.2680989637513345,0.5923758712675329,0.9863342079600588,,6
36665.0,180.5600432689137,2017-11-26 11:05:00,512.2152910232544,5749.0,51.0,0.1635190300699988,0.275357616834336,0.5938424073751957,0.9843258291426741,,6
36680.0,181.285808587824,2017-11-26 11:20:00,546.4995617866516,5787.0,52.0,0.14246795213545554,0.2434914468422568,0.5851045446690859,0.9851896654099151,,10
36695.0,179.8861183299255,2017-11-26 11:35:00,505.7300097942352,5679.5,51.0,0.16710099868483785,0.27905031521039003,0.5988203186900255,0.9868468389890802,,7
36710.0,178.27906655233826,2017-11-26 11:50:00,515.2863587141037,5674.5,52.0,0.1589017186501467,0.2685592859211489,0.5916820865274474,0.9818935063381684,,7
36725.0,178.79747035155998,2017-11-26 12:05:00,510.7005722522736,5724.5,52.0,0.16304501662992313,0.2758130016838047,0.5911433312953096,0.9841523884328578,,7
36740.0,182.37445656618956,2017-11-26 12:20:00,521.4284940958023,5882.5,53.0,0.15915505289926346,0.2718831417685253,0.5853803654908627,0.9854983762053876,,7
36755.0,183.61862568432164,2017-11-26 12:35:00,512.1147857904433,5883.5,53.0,0.16624252472621173,0.2819103312369698,0.5897000084983428,0.9850573750744176,,7
36770.0,181.95973352681224,2017-11-26 12:50:00,564.9848430156708,5926.5,53.0,0.13188064938342378,0.2333106473345854,0.5652577406563739,0.9857906346104128,,9
36785.0,182.21893542642312,2017-11-26 13:05:00,513.7716399431229,5845.5,52.0,0.16383903547748105,0.2782859456294103,0.5887434778889744,0.9844697835767476,,7
36800.0,182.84101998548908,2017-11-26 13:20:00,527.3279888629913,5918.0,53.0,0.15577203790746272,0.2674380389719653,0.5824602906387293,0.9845710147037118,,6
36815.0,184.39623138315412,2017-11-26 13:35:00,519.6711347103119,5874.5,52.0,0.1616990558131145,0.27335283550334993,0.5915397055068516,0.9850790958589648,,7
36830.0,185.1219967020645,2017-11-26 13:50:00,511.2863587141037,5840.5,52.0,0.16774309627705472,0.2807575738088947,0.5974659703792483,0.9844749574150776,,6
36845.0,183.82598720401032,2017-11-26 14:05:00,514.1564159393309,5857.0,52.0,0.16561416956023772,0.27841624314417696,0.5948437766774799,0.9870826288468498,,7
36860.0,183.04838150517784,2017-11-26 14:20:00,519.5289993286133,5905.0,52.0,0.16127541157824105,0.2749224322660258,0.5866215071972904,0.9878334973627698,,7
36875.0,184.0851891036212,2017-11-26 14:35:00,516.1147857904433,5914.0,53.0,0.16438331368106207,0.2789963888964848,0.5891951301995265,0.9862651553173476,,7
36890.0,185.95144278081924,2017-11-26 14:50:00,520.0142805576323,5900.0,53.0,0.16311219791667125,0.2741771987773106,0.5949152542372881,0.9848582380880564,,7
36905.0,185.07015632214242,2017-11-26 15:05:00,518.6000670194627,5910.5,53.0,0.16332551390365868,0.2761651980911385,0.5914051264698418,0.9851204328183644,,7
36920.0,186.15880430050788,2017-11-26 15:20:00,519.0853482484819,5968.0,53.0,0.16413957036768545,0.2783307162819568,0.5897285522788204,0.9884066135878904,,7
36935.0,182.06341428665658,2017-11-26 15:35:00,523.9137753248215,5920.5,53.0,0.15806070553551269,0.2710495024252,0.5831433155983448,0.9889753858731362,,7
36950.0,185.58856012136403,2017-11-26 15:50:00,518.357426404953,5950.5,53.0,0.1640630567154076,0.2782945322078201,0.5895302915721368,0.9853656040001209,,7
36965.0,187.6621753182508,2017-11-26 16:05:00,512.1147857904433,5954.5,53.0,0.1698840960993756,0.2853123255461097,0.5954320261986733,0.9844923098502796,,7
36980.0,185.58856012136403,2017-11-26 16:20:00,519.4284940958023,5969.0,53.0,0.16350359333592804,0.2780096705945462,0.5881219634779695,0.9866446122607404,,7
36995.0,184.75911404260933,2017-11-26 16:35:00,523.3279888629913,5943.5,53.0,0.16045659478169524,0.2727119734300845,0.5883738537898545,0.9875201585673112,,7
37010.0,188.4916213970055,2017-11-26 16:50:00,518.7005722522737,5975.5,53.0,0.16580772588296508,0.2790941031024389,0.5940925445569408,0.9873166852878144,,7
37025.0,184.39623138315412,2017-11-26 17:05:00,525.4284940958023,5923.5,53.0,0.1590169318362488,0.2696255319112694,0.5897695619144087,0.9856771262805096,,7
37040.0,183.72230644416598,2017-11-26 17:20:00,551.6711347103119,5928.0,53.0,0.14113066918853348,0.244769633396614,0.5765856950067476,0.9840713362552852,,7
37055.0,186.52168695996312,2017-11-26 17:35:00,525.5289993286133,5991.0,53.0,0.16016187914714716,0.2725936982870905,0.5875479886496411,0.9873028315742588,,7
37070.0,188.85450405646068,2017-11-26 17:50:00,519.1858534812927,6009.0,53.0,0.16633705525863676,0.2801343511909048,0.5937760026626726,0.9889589642624774,,7
37805.0,210.62746362377155,2017-11-27 06:05:00,595.0264731645584,6541.0,56.0,0.13801280760016915,0.2321568148418944,0.5944809662131173,0.9808985974732394,,9
37820.0,210.00537906470555,2017-11-27 06:20:00,610.8254626989365,6583.5,56.0,0.13052789670958356,0.22173407508387125,0.5886686413002202,0.9867750678483508,,9
37835.0,207.51704082844142,2017-11-27 06:35:00,621.4112491607666,6607.5,56.0,0.12428001605718925,0.215024929588342,0.5779795686719637,0.9864264435724868,,9
37850.0,210.78298476353802,2017-11-27 06:50:00,617.269113779068,6615.0,56.0,0.12826220850798542,0.21816778330684589,0.5879062736205594,0.9748874340358352,,10
37865.0,211.97531350174802,2017-11-27 07:05:00,628.4823168516159,6710.0,57.0,0.1241556963903314,0.21347462467113995,0.5815946348733234,0.9644813009752268,,9
37880.0,212.33819616120311,2017-11-27 07:20:00,630.1391710042952,6717.0,57.0,0.12429484101987187,0.21257503427892527,0.5847104362066399,0.9833635348633846,,9
37895.0,216.32990541521008,2017-11-27 07:35:00,626.5828220844269,6780.0,57.0,0.12822238187545554,0.2170114201486741,0.5908554572271386,0.9693485354250234,,9
37910.0,216.74462845458743,2017-11-27 07:50:00,643.7960251569747,6784.5,57.0,0.12129071516401055,0.20569850194481432,0.5896528852531505,0.96509746683981,,10
37925.0,216.900149594354,2017-11-27 08:05:00,648.8254626989365,6853.0,57.0,0.11935790686553832,0.20456664642979466,0.5834670947030498,0.9778832234609258,,9
37940.0,215.5522997163776,2017-11-27 08:20:00,621.168608546257,6821.5,58.0,0.1299299685504437,0.2221624966704729,0.5848420435388111,0.9849044635362482,,8
37955.0,219.18112631092941,2017-11-27 08:35:00,633.5533845424653,6899.0,58.0,0.12691915667187378,0.21598797776992035,0.5876213944049862,0.9743870742626628,,7
37970.0,218.40352061209686,2017-11-27 08:50:00,621.168608546257,6955.0,58.0,0.1322748633331563,0.2265103224134192,0.5839683680805177,0.9682366470281804,,10
37985.0,222.136027966493,2017-11-27 09:05:00,625.9970356225967,6938.5,58.0,0.13197385925671348,0.2225004549757518,0.5931397276068314,0.9660835427234116,,8
38000.0,221.1510607479718,2017-11-27 09:20:00,613.6538897752763,6977.5,58.0,0.13713612257663252,0.23284275344408165,0.5889645288427087,0.9590107414374788,,8
38015.0,220.3216146692171,2017-11-27 09:35:00,612.6833273172379,6984.0,58.0,0.13690141976323522,0.2337986344605538,0.5855526918671249,0.95970998152014,,9
38030.0,222.6544317657147,2017-11-27 09:50:00,645.3107439279556,7026.5,59.0,0.12395088857072575,0.212036742189216,0.5845726891055291,0.9742668192608668,,10
38045.0,224.6243662027571,2017-11-27 10:05:00,651.8965303897858,7120.0,60.0,0.12256798875848475,0.2105389818963598,0.5821629213483146,0.948170868766148,,8
38060.0,225.09092962205662,2017-11-27 10:20:00,627.9970356225967,7188.0,60.0,0.1331738656289478,0.22903546982674405,0.5814552031163049,0.9999890742864544,,8
38075.0,226.5424602598773,2017-11-27 10:35:00,633.4112491607666,7178.5,61.0,0.13139241199812607,0.2248391965503094,0.5843839242181514,0.9998082027766008,,8
38090.0,225.66117380120048,2017-11-27 10:50:00,615.6122596263884,7130.5,60.0,0.1403600817427642,0.2364369390188472,0.5936470093261342,0.9728412456178784,,8
38105.0,220.3216146692171,2017-11-27 11:05:00,635.7543950080873,7052.5,59.0,0.12650823934157307,0.21926747553611306,0.5769585253456221,0.9672509149406552,,8
38120.0,221.04737998812743,2017-11-27 11:20:00,627.5117543935777,7018.0,59.0,0.13066732753796134,0.223964661048092,0.5834283271587347,0.9998915681686776,,8
38135.0,221.82498568696,2017-11-27 11:35:00,636.3401814699172,7063.5,60.0,0.1269736852431762,0.21920533440429554,0.5792454165781836,0.9999999935764259,,8
38150.0,222.70627214563686,2017-11-27 11:50:00,614.5411919355392,7125.5,60.0,0.13760553156982824,0.2370954455811416,0.5803803241877763,0.9720956040901042,,8
38165.0,225.50565266143397,2017-11-27 12:05:00,636.3401814699172,7178.0,61.0,0.1292080993547511,0.22275867351228607,0.5800362217887991,0.9759372634552173,,8
38180.0,223.58755860431373,2017-11-27 12:20:00,576.6416971683502,7151.5,60.0,0.15974601219521836,0.2702681822129416,0.5910648115779906,0.9700525572181138,,7
38195.0,226.1277372205,2017-11-27 12:35:00,586.8843377828597,7183.0,61.0,0.15536796462073754,0.2620660067795604,0.5928581372685507,0.9743350046705932,,7
38210.0,226.54246025987732,2017-11-27 12:50:00,573.2274836301804,7237.0,61.0,0.16377711868781908,0.2767670771614119,0.5917507254387177,0.9787346461019738,,7
38225.0,222.75811252555906,2017-11-27 13:05:00,603.9554054737091,7213.5,61.0,0.14210981421866428,0.2485113078463841,0.5718444583073404,0.9784935863735581,,7
38240.0,224.31332392322412,2017-11-27 13:20:00,610.3401814699172,7248.0,61.0,0.1400798216684943,0.2445029614577356,0.5729166666666666,0.9781713913725107,,7
38255.0,224.1578027834576,2017-11-27 13:35:00,603.6122596263884,7214.5,61.0,0.14309919644651245,0.24882842920302825,0.5750918289555755,0.9553600467921658,,7
38270.0,226.5943006397995,2017-11-27 13:50:00,638.9259679317473,7217.0,61.0,0.1285491694069796,0.22215980737791474,0.5786337813495912,0.9784101778830328,,8
38285.0,224.05412202361325,2017-11-27 14:05:00,624.0975408554077,7213.5,61.0,0.13337529520155228,0.2327292433324619,0.5730921189436473,0.980354642715846,,8
38300.0,222.86179328540337,2017-11-27 14:20:00,621.9970356225967,7164.5,61.0,0.1337417008735908,0.2327121835844181,0.5747086328424873,0.9668049892702768,,8
38315.0,222.70627214563686,2017-11-27 14:35:00,590.8843377828597,7179.5,61.0,0.1482686775966049,0.2584039254290144,0.573786475381294,0.9730987921437696,,7
38330.0,221.66946454719346,2017-11-27 14:50:00,603.0264731645584,7208.5,61.0,0.14152854363219794,0.249104750768575,0.5681487133245474,0.9727535211656072,,7
38345.0,225.50565266143397,2017-11-27 15:05:00,621.6122596263884,7225.5,61.0,0.1355496598152968,0.23498418114093736,0.5768458930177842,0.9768802532440434,,8
38360.0,223.9504412637689,2017-11-27 15:20:00,594.5411919355392,7189.0,61.0,0.14733913268987975,0.2555726927029908,0.5765057727083044,0.9805610953024276,,7
38375.0,224.6243662027571,2017-11-27 15:35:00,603.0264731645584,7207.5,61.0,0.14374019710368144,0.2490701936830831,0.5771071800208116,0.9800723632274041,,7
38390.0,222.6544317657147,2017-11-27 15:50:00,601.0264731645584,7217.5,61.0,0.14344607176358973,0.25107845833726417,0.5713197090405265,0.971802657482306,,7
38405.0,225.66117380120048,2017-11-27 16:05:00,624.3401814699172,7203.5,61.0,0.1343838556112126,0.2322260054924721,0.5786770319983341,0.9834166034565734,,8
38420.0,224.52068544291282,2017-11-27 16:20:00,596.6416971683502,7243.5,61.0,0.14656828496783125,0.2557002341436622,0.5732035618140402,0.9781173525666648,,7
38435.0,224.67620658267933,2017-11-27 16:35:00,607.6122596263884,7219.0,61.0,0.14132342464945594,0.2457162337534737,0.5751489125917717,0.9784023818703758,,7
38450.0,223.32835670470288,2017-11-27 16:50:00,616.1980460882188,7202.0,61.0,0.13633700127118234,0.2383539466331,0.5719938905859483,0.9787814686320192,,9
38465.0,225.03908924213445,2017-11-27 17:05:00,627.7543950080873,7234.5,61.0,0.1322404673691753,0.23069536078666475,0.5732255166217429,0.9714264610620932,,9
38480.0,226.9571832992547,2017-11-27 17:20:00,632.9259679317473,7247.0,61.0,0.1313430194345593,0.2273329022790188,0.5777563129570857,0.9704145180919516,,8
38495.0,227.42374671855416,2017-11-27 17:35:00,575.3279888629912,7222.0,61.0,0.16283018098886112,0.2741803607138156,0.5938798116865134,0.9677458879618726,,8
38510.0,227.52742747839847,2017-11-27 17:50:00,624.6833273172379,7247.0,61.0,0.13523453744175207,0.23337175683780856,0.5794811646198427,0.9730251475419412,,9
39245.0,257.3874863135677,2017-11-28 06:05:00,659.0681033134459,7915.5,64.0,0.13831459843803534,0.2289958594303009,0.6040048007074726,0.9758595741810054,,9
39260.0,261.22367442780825,2017-11-28 06:20:00,616.3401814699172,8056.5,64.0,0.16366458104329246,0.2665111060485671,0.6141004158133184,0.9677961021556372,,9
39275.0,264.17857608337187,2017-11-28 06:35:00,665.4112491607666,8162.0,64.0,0.13969189093422849,0.2316467317767519,0.6030384709629992,0.9681904590485516,,9
39290.0,261.2755148077304,2017-11-28 06:50:00,661.168608546257,8135.0,64.0,0.14018244849319805,0.2338530131225605,0.5994468346650277,0.9550213726587952,,9
39305.0,263.55649152430584,2017-11-28 07:05:00,671.0681033134459,8230.5,65.0,0.13726300206295658,0.2296692698676894,0.5976550634833849,0.9628866639275444,,10
39320.0,262.67520506562903,2017-11-28 07:20:00,671.5533845424653,8259.5,64.0,0.1368417796709996,0.2301455262049728,0.5945880501240995,0.9990187360233208,,9
39335.0,268.7923698964449,2017-11-28 07:35:00,674.3401814699172,8314.5,65.0,0.13854562187187475,0.22976714332376635,0.6029827409946479,0.95537287917458,,10
39350.0,270.5549428137986,2017-11-28 07:50:00,655.6538897752763,8303.5,64.0,0.14863080553227664,0.2427290576727818,0.6123321490937557,0.9996636231354532,,9
39365.0,268.3776468570676,2017-11-28 08:05:00,689.8965303897858,8274.5,64.0,0.13129869259693594,0.21846592235941006,0.6010030817572058,0.9987056144790321,,11
39380.0,269.7254967350439,2017-11-28 08:20:00,706.1391710042952,8353.5,64.0,0.12581931916840713,0.2105221197142292,0.5976536780990004,0.958554718572742,,11
39395.0,284.5518453927842,2017-11-28 08:35:00,688.6833273172379,8643.0,65.0,0.14065091040123726,0.2289998716394261,0.6141964595626519,0.9990696471704226,,9
39410.0,276.1018634654707,2017-11-28 08:50:00,707.7960251569748,8454.0,65.0,0.12856710448583208,0.21205858966407654,0.6062810503903477,0.9439772497905734,,10
39425.0,288.3361931271025,2017-11-28 09:05:00,714.6244522333145,8718.0,66.0,0.13170758765533952,0.21452157854820167,0.6139596237669189,0.9992769494097998,,13
39440.0,277.60523448321356,2017-11-28 09:20:00,700.7249574661255,8581.0,65.0,0.13280008804406535,0.21961024388246767,0.6047080759818203,0.999852489406132,,12
39455.0,275.4279385264825,2017-11-28 09:35:00,703.5533845424652,8570.0,65.0,0.1298558109766749,0.2175687781173224,0.5968494749124854,0.999778249775746,,11
39470.0,276.7239480245367,2017-11-28 09:50:00,710.281306385994,8683.0,65.0,0.127893140717292,0.21628126221603786,0.5913278820684096,0.9977511822293212,,11
39485.0,274.7540135874944,2017-11-28 10:05:00,693.5533845424652,8656.0,65.0,0.1333400884495326,0.22613475815422304,0.5896487985212571,0.9951998433963284,,9
39500.0,284.188962733329,2017-11-28 10:20:00,708.7249574661255,8675.0,65.0,0.1328211194580771,0.21703206089636826,0.6119884726224784,0.993579396795082,,11
39515.0,282.94479361519694,2017-11-28 10:35:00,737.1097334623337,8629.0,66.0,0.12122750362302175,0.19957495540647804,0.6074284389848187,0.9965452611647522,,11
39530.0,281.5451033572984,2017-11-28 10:50:00,737.6955199241638,8620.5,66.0,0.12049239777891076,0.1990618465030856,0.6053013166289658,0.9993906386013748,,11
39545.0,296.4232923949608,2017-11-28 11:05:00,727.5533845424652,8947.0,67.0,0.13104462458570484,0.21240149568266328,0.6169665809768637,0.9953559238256959,,11
39560.0,294.81624061737364,2017-11-28 11:20:00,714.6244522333145,8982.0,67.0,0.13512792482191446,0.2210177584904735,0.6113894455577822,0.99273712814928,,10
39575.0,280.0417323395555,2017-11-28 11:35:00,716.0386657714844,8786.0,66.0,0.12754816138543468,0.21534168830369504,0.5923059412702026,0.9943551877541889,,10
39590.0,280.3527746190885,2017-11-28 11:50:00,710.6244522333145,8861.0,67.0,0.1307806856447665,0.2205018847870376,0.5931046157318587,0.9953767801606817,,10
39605.0,281.2340610777654,2017-11-28 12:05:00,753.0092282295227,8864.0,67.0,0.115574914184743,0.19644411108984888,0.5883348375451264,0.9943791829391134,,11
39620.0,304.9251147021965,2017-11-28 12:20:00,731.8376553058624,9381.0,67.0,0.13317501297636608,0.22010479153123505,0.6050527662296129,0.9916987040696108,,11
39635.0,303.99198786359744,2017-11-28 12:35:00,727.6955199241638,9331.5,67.0,0.13426827357211465,0.2214429824740523,0.6063333869152869,0.9903232330838015,,12
39650.0,304.5103916628192,2017-11-28 12:50:00,737.2102386951448,9252.0,68.0,0.13110226847609047,0.2139256063387635,0.6128404669260701,0.9939200589184168,,11
39665.0,288.9582776861685,2017-11-28 13:05:00,715.6538897752762,9122.0,67.0,0.13280110880242815,0.22381740683524248,0.5933457575093182,0.9938750027881692,,11
39680.0,285.1739299518502,2017-11-28 13:20:00,739.6955199241638,8994.0,66.0,0.1217938935743481,0.20656501580382552,0.589615299088281,0.9927669672931057,,11
39695.0,283.4113570344965,2017-11-28 13:35:00,717.2102386951448,9013.5,66.0,0.1298679169732783,0.2201964766062159,0.5897819936761525,0.9940346889161984,,9
39710.0,298.75610949145835,2017-11-28 13:50:00,766.6660823822021,9427.5,68.0,0.11889135000256824,0.20155515233756727,0.5898700609917794,0.9855231377309064,,12
39725.0,297.3045788536377,2017-11-28 14:05:00,742.080295920372,9324.0,67.0,0.12652328275961072,0.21276996815774374,0.5946482196482197,0.9922769616104536,,11
39740.0,306.94688951916106,2017-11-28 14:20:00,733.4528793096542,9396.0,67.0,0.13344172315890393,0.21948681501987946,0.6079714772243507,0.9904288631863094,,11
39755.0,300.4150016489678,2017-11-28 14:35:00,732.6244522333145,9292.0,67.0,0.13137901816207995,0.21754857645229386,0.6039065863108051,0.9885532180636032,,11
39770.0,288.9064373062464,2017-11-28 14:50:00,742.0386657714844,9259.0,66.0,0.1233081436910962,0.21131040207955945,0.5835403391294957,0.9853319815176156,,11
39785.0,289.21747958577936,2017-11-28 15:05:00,725.9381605386734,9279.0,66.0,0.12916039312436262,0.22126452281011,0.5837374717103136,0.9880081336857944,,11
41065.0,361.1719269177497,2017-11-29 12:25:00,814.9503531455994,10949.0,70.0,0.13072623462067934,0.2071676860416585,0.6310165311900631,0.97508390311756,,9
41080.0,359.87591741969527,2017-11-29 12:40:00,844.4650719165802,10927.5,70.0,0.11988006018325555,0.1925605405927569,0.6225577671013498,0.9713763708943722,,11
41095.0,363.3492228744806,2017-11-29 12:55:00,812.3645666837692,10968.0,71.0,0.1324642573160335,0.2088504239548991,0.6342541940189642,0.9777760703850052,,10
41110.0,363.141861354792,2017-11-29 13:10:00,818.3645666837692,11177.0,71.0,0.13051023890572472,0.20972078790155774,0.6223047329337031,0.9807219145876788,,9
41125.0,363.0381805949477,2017-11-29 13:25:00,835.6782749891281,11067.0,71.0,0.12470854373254188,0.19914139722791155,0.6262311376163369,0.9770918177252558,,9
41140.0,362.0013729965042,2017-11-29 13:40:00,842.0214208364488,11144.5,71.0,0.12244677352980722,0.19752595608351112,0.6199021939073085,0.9762331785057328,,8
41155.0,362.9863402150255,2017-11-29 13:55:00,835.7787802219391,11100.5,71.0,0.12477749637843645,0.1996961647273405,0.6248367190667087,0.9715924940764664,,10
41170.0,362.8826594551811,2017-11-29 14:10:00,886.991983294487,11152.0,71.0,0.10956275270593724,0.1781243265801607,0.6150914634146342,0.9737632540175064,,10
41185.0,365.4746784512896,2017-11-29 14:25:00,898.991983294487,11218.5,71.0,0.1073259253063566,0.174434754516387,0.6152783348932567,0.9688132249442,,12
41200.0,369.31086656553003,2017-11-29 14:40:00,895.7199051380157,11282.0,71.0,0.1089181107175262,0.1767060864416351,0.6163800744548839,0.96878409666275,,12
41215.0,367.65197440802064,2017-11-29 14:55:00,838.0214208364488,11167.0,71.0,0.1254257377977071,0.1998187051839639,0.6276976806662488,0.9715586425995976,,8
41230.0,369.2590261856079,2017-11-29 15:10:00,842.2640614509583,11313.5,71.0,0.1244398996543936,0.200405808503912,0.6209395854510098,0.9630126190329104,,9
41245.0,366.6670071894994,2017-11-29 15:25:00,839.9209156036377,11274.0,71.0,0.12452953713553627,0.20082191412759776,0.6200993436224942,0.9662316008095132,,9
41260.0,367.6001340280985,2017-11-29 15:40:00,829.7787802219391,11256.0,71.0,0.12799383563572211,0.2054325700721072,0.6230454868514571,0.9690498379366718,,10
41275.0,367.755655167865,2017-11-29 15:55:00,867.6782749891281,11284.0,72.0,0.1165309156628054,0.18834560658011834,0.6187079049982276,0.9690760635857524,,10
41290.0,369.51822808521865,2017-11-29 16:10:00,892.5483322143555,11284.5,71.0,0.11007212313920206,0.17800356456926422,0.6183703309849794,0.9731040708954508,,11
41305.0,367.44461288833196,2017-11-29 16:25:00,830.1219260692596,11299.5,72.0,0.12768744600439302,0.2060560262962924,0.6196734368777379,0.9650181898856208,,8
41320.0,370.6068760635842,2017-11-29 16:40:00,833.192993760109,11362.0,72.0,0.12800596000512088,0.20567117550423286,0.6223816229537054,0.9594112032842802,,9
41335.0,370.2958337840512,2017-11-29 16:55:00,816.3645666837692,11344.5,71.0,0.13407311876933378,0.21390795244760666,0.6267794966723963,0.9724461675440568,,9
41350.0,371.33264138249467,2017-11-29 17:10:00,856.7493426799774,11418.0,72.0,0.12112359389142552,0.19547550460103133,0.6196356629882641,0.9622976188801772,,10
41365.0,369.4663877052965,2017-11-29 17:25:00,901.1341186761856,11280.5,71.0,0.10789952194094532,0.17456587411327834,0.618102034484287,0.959734093096556,,11
41380.0,372.8360124002375,2017-11-29 17:40:00,835.7787802219391,11444.0,71.0,0.12839345323715412,0.2058756730903729,0.6236455784690668,0.9703148366044833,,10
41395.0,375.0133083569686,2017-11-29 17:55:00,846.1635562181473,11313.0,72.0,0.12539293605259366,0.1985541725191395,0.6315300981172103,0.9663400875911796,,10
42125.0,427.4239324582812,2017-11-30 06:05:00,997.11687374115,12572.5,74.0,0.10151762115631402,0.15890566384309734,0.6388546430701929,0.945297803904834,,13
42140.0,426.80184789921515,2017-11-30 06:20:00,937.8447955846786,12483.5,74.0,0.11540506907979955,0.17835458741661128,0.6470541114270838,0.9316613780675554,,11
42155.0,421.98069256645346,2017-11-30 06:35:00,944.1879414319992,12483.5,75.0,0.11304211032879542,0.1759662303497123,0.6424079785316618,0.9445032131665576,,10
42170.0,434.3705433678518,2017-11-30 06:50:00,958.0458060503006,12788.5,75.0,0.11250634829448512,0.17508821845622427,0.6425694960315909,0.930122098878913,,16
42185.0,425.35031726139437,2017-11-30 07:05:00,980.7737278938292,12663.0,75.0,0.10451104815390867,0.1654279253466182,0.6317618257916765,0.9123049937911042,,10
42200.0,431.7785243717434,2017-11-30 07:20:00,892.5899623632431,12823.5,76.0,0.13070042548208058,0.2022611363264901,0.6461964362303583,0.8950234087437279,,8
42215.0,437.3254450234154,2017-11-30 07:35:00,891.8620405197144,12694.5,77.0,0.13247001065915512,0.20055343474211626,0.6605222734254992,0.9294956989614108,,12
42230.0,434.42238374777395,2017-11-30 07:50:00,943.0752435922624,12732.5,76.0,0.11613485309306172,0.17989987432415694,0.6455527194188101,0.8814778965434188,,11
42245.0,434.78526640722913,2017-11-30 08:05:00,983.0752435922624,12797.0,76.0,0.10652530711130576,0.16639662558478854,0.6401891068219114,0.9385790427299908,,12
42260.0,435.3036702064508,2017-11-30 08:20:00,1007.1585038900377,12776.0,76.0,0.10146695573154484,0.15827383266298967,0.6410848465873513,0.9129256891810412,,15
42275.0,436.18495666512774,2017-11-30 08:35:00,940.8326029777527,12636.0,76.0,0.11732091867814902,0.17938856829829272,0.6540044317822096,0.9091692344215928,,11
42290.0,430.119632214234,2017-11-30 08:50:00,1014.815358042717,12660.5,76.0,0.09765978211747743,0.15448512169654813,0.6321630267367008,0.9161378672625212,,12
42305.0,437.06624312380455,2017-11-30 09:05:00,995.0163685083388,12735.5,77.0,0.10459308610825688,0.16164616808830845,0.6470495858034627,0.939804766447342,,15
42320.0,434.8889471670735,2017-11-30 09:20:00,1044.4722121953964,12804.5,77.0,0.09340209222546908,0.14749547880631667,0.6332539341637705,0.9076395386262082,,13
42335.0,438.10305072224793,2017-11-30 09:35:00,972.8742331266403,12790.0,76.0,0.10980654520939767,0.16981146402614067,0.6466379984362783,0.923291156530742,,12
42350.0,443.9091732735308,2017-11-30 09:50:00,1042.9574934244156,13092.0,77.0,0.09537181072978633,0.15124556308816695,0.6305759242285365,0.9265286133206564,,15
42365.0,452.30731482092216,2017-11-30 10:05:00,1031.4427746534348,13248.0,77.0,0.10048969912463684,0.1564839887162138,0.6421724033816425,0.8879345252676997,,16
42380.0,454.58829153749764,2017-11-30 10:20:00,1014.3300768136978,13409.0,77.0,0.10442199206180444,0.1637750150952378,0.6375941531806996,0.8945980700889514,,16
42395.0,444.5312578325969,2017-11-30 10:35:00,1040.714852809906,13120.5,77.0,0.09590511258119716,0.15222877203261526,0.6300064784116459,0.8714448501850726,,13
42410.0,446.50119226963926,2017-11-30 10:50:00,998.3717069625854,13047.5,77.0,0.1062425113654418,0.16449497650891207,0.6458708564859168,0.8888614507424974,,15
42425.0,450.3892207638018,2017-11-30 11:05:00,978.2884466648102,13099.5,77.0,0.11260580692906146,0.17200090576810173,0.6546814763922287,0.8925602753202845,,15
42440.0,442.82052529516517,2017-11-30 11:20:00,1007.1585038900377,13165.0,77.0,0.10380835792106463,0.1630929091271336,0.6364982909229017,0.8667468519808411,,15
42455.0,445.98278847041763,2017-11-30 11:35:00,946.9747383594513,13085.5,77.0,0.11891485311117928,0.1833679366469876,0.6485040693897826,0.9104191995713572,,13
42470.0,446.5530326495615,2017-11-30 11:50:00,1039.300639271736,13094.0,77.0,0.09790556984569243,0.1523350402898814,0.642698946082175,0.8898246909077782,,15
42485.0,442.7686849152432,2017-11-30 12:05:00,1018.129066348076,13106.5,78.0,0.10027402911512864,0.1588879359967882,0.6310990729790562,0.911972255841475,,11
42500.0,458.3726392718159,2017-11-30 12:20:00,971.6021549701692,13234.5,77.0,0.11581163098991347,0.17617345176275975,0.6573727756998753,0.8884828456052959,,13
42515.0,457.802395092672,2017-11-30 12:35:00,1004.0285611152648,13380.5,77.0,0.10820253979189734,0.16679770549371914,0.6487052053361234,0.8604818985205082,,15
42530.0,464.28244258294313,2017-11-30 12:50:00,1070.7564829587936,13591.0,78.0,0.09588750868780567,0.1489634943791469,0.6436980354646458,0.8353641156226927,,15
42545.0,452.877559000066,2017-11-30 13:05:00,1041.3422694206238,13182.0,77.0,0.09828108279320318,0.15275807491805266,0.6433773327264452,0.908141614717808,,15
42560.0,450.2855400039576,2017-11-30 13:20:00,995.6437851190567,13281.5,77.0,0.10797271746900933,0.1683639151235277,0.6413055754244626,0.8840073523336,,12
42575.0,450.64842266341276,2017-11-30 13:35:00,988.4305820465088,13032.0,78.0,0.11012672888852837,0.1676210617700656,0.6569981583793738,0.92023235990481,,16
42590.0,444.99782125189637,2017-11-30 13:50:00,1005.1585038900377,13293.0,78.0,0.10489350820270514,0.16533460657361232,0.63443165575867,0.8982891426492311,,12
42605.0,449.97449772442457,2017-11-30 14:05:00,1061.5849100351334,13150.5,78.0,0.09363762791363883,0.14663669257258802,0.6385688757081479,0.910432672110078,,16
42620.0,446.1383096101841,2017-11-30 14:20:00,1065.3838995695114,13147.0,77.0,0.09243960360137213,0.14555404138538106,0.6350878527420705,0.9207890831489516,,15
42635.0,453.0849205197547,2017-11-30 14:35:00,993.501649737358,13384.5,77.0,0.10915178216464276,0.17040205614774145,0.640554372595166,0.8586291703416054,,13
42650.0,458.0615969922829,2017-11-30 14:50:00,1006.3300768136978,13259.5,78.0,0.10775160970407613,0.16453417042335433,0.6548889475470417,0.911882891888086,,14
42665.0,458.63184117142686,2017-11-30 15:05:00,1009.4011445045472,13247.5,77.0,0.10725111341527586,0.16338651391086328,0.6564257407057935,0.9192584750354598,,13
42680.0,457.2839912934504,2017-11-30 15:20:00,994.4305820465088,13217.0,77.0,0.1101106908309408,0.16795533764714884,0.6555950669592192,0.9127366862103242,,14
42695.0,454.89933381703065,2017-11-30 15:35:00,1008.5727174282074,13120.0,77.0,0.10615494845112686,0.16207993991374192,0.6549542682926829,0.9169934168688056,,13
42710.0,454.32908963788674,2017-11-30 15:50:00,1033.2001340389254,13210.0,77.0,0.10087210857289022,0.15550479101970827,0.6486752460257381,0.9106961308514979,,15
42725.0,461.43122168722397,2017-11-30 16:05:00,1032.8569881916046,13499.0,78.0,0.10281209695526253,0.15901243088898814,0.646566412326839,0.8705645419869987,,17
42740.0,458.8910430710376,2017-11-30 16:20:00,1028.0285611152651,13234.0,78.0,0.10297158433010943,0.1573586543908393,0.6543750944536799,0.9118227325187622,,14
42755.0,459.4094468702593,2017-11-30 16:35:00,1053.7859205007553,13219.0,77.0,0.09704307104472412,0.14959038611628572,0.6487253196157047,0.8987755067666937,,15
42770.0,457.3358316733725,2017-11-30 16:50:00,1064.513842344284,13187.0,78.0,0.09462567344944124,0.14623564464757782,0.6470766664138925,0.9103345576666768,,13
42785.0,463.09011384473325,2017-11-30 17:05:00,1025.8864257335665,13449.5,78.0,0.10439309550559717,0.16058960745768375,0.6500613405702814,0.8998587314297694,,11
42800.0,461.3275409273795,2017-11-30 17:20:00,1051.0996288061142,13388.0,78.0,0.09892738652947604,0.15227822372597016,0.6496489393486704,0.8880023329794138,,15
42815.0,463.81587916364373,2017-11-30 17:35:00,1071.3422694206238,13341.5,78.0,0.0952516782453976,0.1460689960127554,0.6521005883896114,0.8887476408636497,,15
42830.0,469.9848843743817,2017-11-30 17:50:00,1006.1879414319992,13357.0,78.0,0.11043828254259426,0.16579085584955675,0.6661301190387063,0.9018694086664344,,15
43565.0,524.1062410131259,2017-12-01 06:05:00,1060.9991235733032,15221.0,81.0,0.11129482527969352,0.16991158832319112,0.6550160961829052,0.6407304856319029,,14
43580.0,523.3804756942154,2017-12-01 06:20:00,926.9747383594513,15244.0,81.0,0.14905051499421165,0.22293230480492174,0.6685909210181055,0.5531640231221121,,10
43595.0,524.5209640525032,2017-12-01 06:35:00,947.0163685083388,15202.5,81.0,0.14271750543612466,0.21301486195009425,0.6699884887354054,0.22314841459251286,,11
43610.0,526.3353773497792,2017-12-01 06:50:00,936.9747383594513,15118.5,81.0,0.14625812386286172,0.2164027643003205,0.6758607004663161,0.7338281379961853,,10
43625.0,527.1129830486117,2017-12-01 07:05:00,1052.129066348076,15167.0,81.0,0.11399096211951452,0.1721755636574891,0.6620623722555549,0.5252007467648192,,15
43640.0,533.4375093991163,2017-12-01 07:20:00,940.3889518976213,15427.0,82.0,0.14784820022022224,0.21921804842110326,0.6744344331367084,0.6610246854037181,,11
43655.0,529.8086828045646,2017-12-01 07:35:00,1028.614347577095,15453.0,81.0,0.12116264413957407,0.18353441551623176,0.6601630751310426,0.1625237018726172,,15
43670.0,530.5344481234748,2017-12-01 07:50:00,964.2295715808867,15483.5,81.0,0.13941779290050565,0.2092753656204536,0.6661930442083508,0.5243333859056244,,12
43685.0,533.8522324384936,2017-12-01 08:05:00,927.6021549701692,15441.5,81.0,0.15160920040472758,0.22551521703589256,0.6722792474824337,0.5502474413054658,,12
43700.0,534.1632747180266,2017-12-01 08:20:00,996.2712017297744,15577.5,82.0,0.13114495272346746,0.19722068842494705,0.6649654951051196,0.4110131917096199,,13
43715.0,535.3556034562365,2017-12-01 08:35:00,976.5727174282074,15541.5,82.0,0.1370357966573586,0.20478286862984024,0.6691760769552488,0.27178620881135185,,13
43730.0,533.7485516786493,2017-12-01 08:50:00,937.5605248212814,15540.0,82.0,0.14909899823741846,0.2221581506888617,0.6711389961389962,0.23130664550543106,,11
43745.0,530.3789269837083,2017-12-01 09:05:00,1013.8864257335664,15489.5,82.0,0.12490998182163007,0.18935145463164407,0.6596726814939152,0.2759610386845123,,12
43760.0,536.1850495349911,2017-12-01 09:20:00,1030.9574934244156,15513.0,81.0,0.12186575635911165,0.1834104757117535,0.6644427254560691,0.16958916059190596,,14
43775.0,537.4810590330453,2017-12-01 09:35:00,981.8864257335664,15488.0,81.0,0.1358172931877725,0.20187507071902305,0.6727789256198347,0.2212365518522021,,13
43790.0,537.0663359936682,2017-12-01 09:50:00,988.3717069625854,15521.0,82.0,0.13431092809711734,0.1996590283493304,0.6727015011919335,0.6011787327908833,,12
43805.0,537.5847397928898,2017-12-01 10:05:00,951.8447955846786,15474.5,82.0,0.1457810121789826,0.21463187031669909,0.6792141910885651,0.534734092515957,,11
43820.0,541.3172471472858,2017-12-01 10:20:00,1129.727045416832,15539.0,82.0,0.10112403711289088,0.152998044174793,0.6609498680738787,0.185316464282698,,16
43835.0,546.2939236198141,2017-12-01 10:35:00,1019.0579986572266,15570.5,82.0,0.12831628539205245,0.1884146286021268,0.6810314376545389,0.4964064857194373,,12
43850.0,543.6500642437835,2017-12-01 10:50:00,1063.5432798862455,15595.5,82.0,0.11677330296150172,0.17326020800457614,0.6739764675707737,0.4495126822291749,,17
43865.0,541.0580452476751,2017-12-01 11:05:00,1027.8864257335665,15701.0,82.0,0.12483702903276628,0.1867441113608483,0.6684924527100184,0.4444157171178277,,14
43880.0,543.494543104017,2017-12-01 11:20:00,1081.6854152679443,15711.0,82.0,0.1131038865713153,0.1687375521718673,0.6702946979823053,0.4491616953626675,,15
43895.0,540.3322799287647,2017-12-01 11:35:00,954.2884466648102,15559.0,82.0,0.14651876626267085,0.21470008328130494,0.6824346037663089,0.3691371142449962,,11
43910.0,544.4795103225382,2017-12-01 11:50:00,1011.8864257335664,15701.0,82.0,0.13070612271066434,0.19269641621409767,0.6783007451754666,0.3728501112938084,,13
43925.0,550.3374732537433,2017-12-01 12:05:00,1144.2123266458514,15818.0,82.0,0.10033636039063534,0.15182671341264362,0.6608610443798204,0.4075038861467721,,18
43940.0,550.4411540135876,2017-12-01 12:20:00,1132.94024848938,15783.0,82.0,0.10259251891461256,0.154520252507809,0.6639422163086866,0.38217417297013145,,17
43955.0,547.1233696985688,2017-12-01 12:35:00,1137.52603495121,15770.0,82.0,0.10101436703387187,0.15315065789781854,0.6595751426759671,0.4462753355291388,,16
43970.0,544.9979141217599,2017-12-01 12:50:00,1069.5849100351334,15699.5,81.0,0.115737927480484,0.17245077516061866,0.6711360234402369,0.4923325490597211,,13
43985.0,550.2856328738211,2017-12-01 13:05:00,1192.8397432565691,15882.0,82.0,0.09189854097959747,0.14026549688510567,0.6551756705704571,0.4609631914763896,,18
44000.0,554.3810228876723,2017-12-01 13:20:00,956.3300768136978,15873.0,83.0,0.1506410921445813,0.21809878739553407,0.6907011907011907,0.4863396187273125,,13
44015.0,558.1653706219906,2017-12-01 13:35:00,1118.1534515619278,15942.0,83.0,0.10804267061285557,0.16023222056003938,0.6742880441600803,0.4968496047755446,,19
44030.0,552.100046171097,2017-12-01 13:50:00,1073.4844048023224,15869.0,82.0,0.11609268261207098,0.17304854221030944,0.6708677295355725,0.3683364319003522,,16
44045.0,559.6169012598115,2017-12-01 14:05:00,1000.5138423442841,16202.0,83.0,0.13742279552828102,0.2033912609070256,0.6756573262560178,0.45570041805080197,,14
44060.0,559.3576993602006,2017-12-01 14:20:00,982.8569881916046,16039.5,82.0,0.1439527182815305,0.20865078843996104,0.6899217556657004,0.4840715438828604,,16
44075.0,557.335924543236,2017-12-01 14:35:00,1044.1706964969637,16127.5,83.0,0.12425844314583645,0.1858805344434169,0.6684855061230817,0.4880620544394007,,14
44090.0,562.5718029153751,2017-12-01 14:50:00,990.3717069625854,16110.0,83.0,0.14175082048118054,0.20639964912796624,0.6867783985102421,0.5401357564034034,,16
44105.0,564.1270143130401,2017-12-01 15:05:00,1076.8986183404922,16156.0,83.0,0.11770367260153874,0.17506288005067525,0.6723508294132211,0.51098727024933,,14
44120.0,563.7122912736627,2017-12-01 15:20:00,1055.727045416832,16233.0,83.0,0.12257334539795525,0.1830228685871322,0.6697160105957001,0.4836219618703466,,14
44135.0,564.075173933118,2017-12-01 15:35:00,1126.2539567947388,16188.5,83.0,0.10765813981859296,0.1603776383963644,0.6712789943478396,0.4849527891657034,,16
44150.0,568.4297658465803,2017-12-01 15:50:00,996.815358042717,16264.0,83.0,0.14219422124276787,0.20568744735112526,0.6913121003443188,0.4321868190541344,,14
44165.0,568.0150428072028,2017-12-01 16:05:00,1056.4549672603607,16382.5,84.0,0.12376122656284592,0.18445399328291687,0.6709598657103617,0.5244498587545128,,12
44180.0,575.3763767561508,2017-12-01 16:20:00,1102.2539567947388,16491.5,84.0,0.11478661567447873,0.17057158698825606,0.6729527332262074,0.4581626648720055,,13
44195.0,580.8196166479785,2017-12-01 16:35:00,1103.7686755657196,16589.5,85.0,0.1154207310973924,0.17111458610725572,0.6745230416829923,0.469876123248989,,14
44210.0,577.9683957522592,2017-12-01 16:50:00,1079.626540184021,16402.5,83.0,0.12011214807391428,0.17683686462457396,0.6792257277853986,0.5077855592302637,,14
44225.0,573.613803838797,2017-12-01 17:05:00,1107.3838995695114,16574.5,84.0,0.11324907987653422,0.16984543948003586,0.6667772783492715,0.5219604547923222,,12
44240.0,583.2042741243982,2017-12-01 17:20:00,1108.638732790947,16518.0,84.0,0.11451626615562922,0.1688835038041769,0.6780784598619688,0.4951619885385098,,14
44255.0,577.0352689136603,2017-12-01 17:35:00,1077.5849100351334,16435.5,85.0,0.12020518016433294,0.177864707503119,0.6758236743634206,0.44261041033437504,,13
44270.0,581.8045838664998,2017-12-01 17:50:00,1089.2417641878128,16578.5,85.0,0.11854640746831667,0.1755927287213302,0.6751213921645505,0.5261772661671033,,15
45005.0,711.5610548116879,2017-12-02 06:05:00,1173.3666546344755,19202.5,91.0,0.12560079109015024,0.1752670002840353,0.716625439395912,0.6518708981045436,,20
45020.0,700.0006500890444,2017-12-02 06:20:00,1080.7564829587936,18966.5,90.0,0.1469673153384365,0.20405223720701696,0.7202435873777451,0.640316654210791,,15
45035.0,697.2531099531694,2017-12-02 06:35:00,1060.7564829587936,19257.5,90.0,0.1526062145309812,0.2150692799831952,0.7095677008957549,0.6405298096414744,,12
45050.0,705.8586130202492,2017-12-02 06:50:00,1123.0823838710783,19375.5,91.0,0.13705988748840847,0.19303655230294825,0.7100203865706691,0.6690198072684969,,13
45065.0,704.1478804828179,2017-12-02 07:05:00,1076.655977725983,19288.0,91.0,0.1494277360069026,0.20909476001894486,0.7146412277063459,0.6290858803331655,,13
45080.0,709.5392799947232,2017-12-02 07:20:00,1086.1534515619278,19326.0,91.0,0.1478857933056973,0.20585881380242047,0.7183845596605609,0.6536998336373487,,11
45095.0,698.2380771716906,2017-12-02 07:35:00,1049.0996288061142,19331.0,91.0,0.1562332955662571,0.2207144251537484,0.7078526718741918,0.63966757721555,,13
45110.0,711.5610548116879,2017-12-02 07:50:00,1165.425529718399,19544.0,91.0,0.12786416653899804,0.18082324680449915,0.7071223905034794,0.6895983734232712,,17
45125.0,702.333467185542,2017-12-02 08:05:00,1069.727045416832,19495.0,90.0,0.15118858316773442,0.2140854497080068,0.7062067196717107,0.6845146544491661,,12
45140.0,710.2650453136338,2017-12-02 08:20:00,1067.7686755657196,19195.0,90.0,0.15373312329145986,0.2115649054760232,0.7266475644699141,0.6776623044112783,,14
45155.0,706.2214956797046,2017-12-02 08:35:00,1094.4549672603607,19271.0,91.0,0.14542529892922235,0.2021707499397666,0.7193191842665144,0.6793881518371221,,13
45170.0,708.5543127762022,2017-12-02 08:50:00,1128.8397432565691,19358.0,90.0,0.13685369176541312,0.19089992903583985,0.7168870751110652,0.6750778984953609,,15
45185.0,711.7165759514545,2017-12-02 09:05:00,1062.2123266458514,19305.0,91.0,0.1554514676318096,0.215009176617022,0.722999222999223,0.6476733292077014,,12
45200.0,712.6497027900535,2017-12-02 09:20:00,1093.5849100351334,19416.0,91.0,0.14652367162454694,0.2040161790141062,0.718196332921302,0.7077589896216024,,15
45215.0,712.9607450695868,2017-12-02 09:35:00,1090.5554724931717,19531.5,91.0,0.148152443071926,0.20637160374134889,0.7178916109873794,0.6872718791081591,,13
45230.0,712.9607450695868,2017-12-02 09:50:00,1147.5676651000974,19544.0,91.0,0.13362088611766512,0.18649479385014966,0.7164858780188293,0.7420248340768715,,14
45245.0,717.0561350834378,2017-12-02 10:05:00,1080.3717069625854,19672.0,91.0,0.15211599574038018,0.21179318198066094,0.7182289548596991,0.6941614961980516,,11
45260.0,719.0260695204802,2017-12-02 10:20:00,1155.8103057146072,19814.5,91.0,0.13331628548739102,0.1863888191067144,0.7152590274798758,0.7076386028846848,,13
45275.0,722.7067364949543,2017-12-02 10:35:00,1144.1118214130404,19620.0,91.0,0.13614772827300564,0.18835273083601545,0.7228338430173292,0.7004923570531888,,16
45290.0,729.2904647450697,2017-12-02 10:50:00,1112.7981131076813,20127.0,92.0,0.14621125425525466,0.2042472178231198,0.7158543250360213,0.7303708046953168,,16
45305.0,739.0364561704373,2017-12-02 11:05:00,1181.124014019966,20289.0,93.0,0.13066268204984754,0.1827593089593159,0.7149440583567449,0.7092231950226939,,12
45320.0,746.0867478398525,2017-12-02 11:20:00,1161.1828891038895,20238.0,93.0,0.13628872804180547,0.1886149880746784,0.7225763415357249,0.7001402596891483,,13
45335.0,748.730607215883,2017-12-02 11:35:00,1153.5676651000974,20484.5,93.0,0.13881648729460833,0.19344124720995948,0.7176157582562426,0.7149658297710799,,17
45350.0,751.4263069718357,2017-12-02 11:50:00,1147.5676651000974,20182.0,93.0,0.14048180285826367,0.1925827839482052,0.729461896739669,0.6754408176700747,,13
45365.0,748.8861283556496,2017-12-02 12:05:00,1197.2661494016647,20496.0,93.0,0.12847809730341173,0.17967910220263564,0.7150419594067136,0.7035304468297391,,18
45380.0,748.41956493635,2017-12-02 12:20:00,1166.3960921764376,20272.0,94.0,0.1358906163255058,0.18724677638326886,0.7257300710339384,0.7132323763054682,,13
45395.0,745.7238651803972,2017-12-02 12:35:00,1296.4793524742124,20324.0,94.0,0.10697639004527586,0.1519454994255494,0.7040444794331825,0.6941895365475517,,15
45410.0,751.7373492513688,2017-12-02 12:50:00,1181.6681703329084,20546.0,94.0,0.13304423319302094,0.18490390064489529,0.7195317823420617,0.7204436653264917,,14
45425.0,751.6855088714467,2017-12-02 13:05:00,1116.0701912641523,20555.5,94.0,0.14985970881060046,0.207374280147854,0.7226533044683905,0.7463293863408309,,12
45440.0,752.6186357100456,2017-12-02 13:20:00,1168.2955869436266,20719.5,94.0,0.13688073822036925,0.19075839620359447,0.7175607519486474,0.7153022000912103,,14
45455.0,758.9431620605502,2017-12-02 13:35:00,1120.6976078748703,20821.5,95.0,0.14997543166687266,0.20832672540456912,0.7199049059866004,0.7431004964293081,,13
45470.0,761.2241387771255,2017-12-02 13:50:00,1181.0235087871554,20579.0,95.0,0.13522112243659834,0.1854031233674967,0.7293357305991545,0.7092783827041069,,15
45485.0,766.563697909109,2017-12-02 14:05:00,1161.0235087871554,20596.5,94.0,0.14100133358522282,0.1920088573347465,0.7343480688466487,0.7281638686704671,,15
45500.0,762.0535848558803,2017-12-02 14:20:00,1080.8569881916046,20495.5,94.0,0.1622949736824324,0.22046107059307352,0.7361615964480008,0.7037649626689222,,12
45515.0,765.3195287909773,2017-12-02 14:35:00,1146.2539567947388,20636.5,94.0,0.1443905675277066,0.197371394766213,0.7315678530758607,0.7017177454965893,,13
45530.0,762.5201482751797,2017-12-02 14:50:00,1143.5676651000974,20502.5,95.0,0.14478144883643987,0.19701212283594,0.7348859895134741,0.6980998378655908,,11
45545.0,766.9784209484864,2017-12-02 15:05:00,1165.6681703329084,20688.5,95.0,0.13992153602738344,0.1913326083547059,0.7312999975831984,0.7061296201220761,,16
45560.0,765.008486511444,2017-12-02 15:20:00,1143.8103057146072,20696.5,94.0,0.14518587663775326,0.19879193515485827,0.7303408788925664,0.7275829693178991,,13
45575.0,764.7492846118332,2017-12-02 15:35:00,1108.0113161802292,20624.5,94.0,0.15485218646517854,0.2111081019103728,0.7335208126257606,0.7481726209761309,,11
45590.0,774.858158696656,2017-12-02 15:50:00,1157.2245192527769,20676.0,94.0,0.14335494843710067,0.19401760253227032,0.7388759914877152,0.7010160426129555,,14
45605.0,769.1557169052174,2017-12-02 16:05:00,1094.8397432565691,20553.0,94.0,0.1599948401192586,0.21546859410746794,0.7425436675911059,0.7249935512914063,,11
45620.0,770.8146090627267,2017-12-02 16:20:00,1314.4204773902893,20698.5,95.0,0.10791636987644128,0.15054977299235156,0.7168152281566297,0.7403434776349253,,16
45635.0,774.0805529978235,2017-12-02 16:35:00,1118.4965974092484,20829.0,95.0,0.15391117705765806,0.2092227708881684,0.7356330116664266,0.7540946620344159,,12
45650.0,775.3247221159555,2017-12-02 16:50:00,1157.325024485588,20818.0,94.0,0.14331597773450985,0.19531616146620573,0.733764050341051,0.7095982006084482,,15
45665.0,779.5756332695734,2017-12-02 17:05:00,1107.4844048023224,20806.0,94.0,0.1575558314407119,0.2131685933772566,0.7391137171969624,0.7043458272696909,,11
45680.0,779.3164313699625,2017-12-02 17:20:00,1208.2955869436266,20735.0,95.0,0.13125597720991064,0.1784709457652708,0.7354473113093802,0.6879637749492817,,13
45695.0,779.1609102301961,2017-12-02 17:35:00,1115.0407537221906,20740.0,95.0,0.15531140297449933,0.2096221324108363,0.7409112825458052,0.7390153840087716,,13
45710.0,779.9385159290283,2017-12-02 17:50:00,1168.5971026420593,20831.5,95.0,0.1409187870502735,0.19169059112170386,0.7351366920288985,0.7426226481423687,,12
46445.0,895.3352016357761,2017-12-03 06:05:00,1120.7981131076813,23147.0,98.0,0.17324185170564954,0.2315526701368905,0.7481747094655895,0.7736793653675268,,14
46460.0,892.3284596002902,2017-12-03 06:20:00,1097.2417641878128,23005.5,99.0,0.1813395455910887,0.24012472536309845,0.7551889765490861,0.7649230740232078,,15
46475.0,884.9152852714203,2017-12-03 06:35:00,1147.0407537221906,22973.5,98.0,0.16476078582760828,0.2194215769520048,0.7508868914183734,0.7771241048663498,,14
46490.0,877.4502705626279,2017-12-03 06:50:00,1017.6021549701692,23158.5,99.0,0.2131338987450505,0.281037487564041,0.7583824513677483,0.7726111822005973,,11
46505.0,879.5757261394368,2017-12-03 07:05:00,1136.1118214130404,23011.0,99.0,0.16764895612423344,0.22402846279760366,0.7483377515101474,0.7828023802250019,,15
46520.0,882.0122239957788,2017-12-03 07:20:00,1179.1828891038895,23299.0,99.0,0.15519618877323335,0.21056433263808785,0.7370488003776986,0.7789487077630981,,14
46535.0,877.5539513224722,2017-12-03 07:35:00,1123.4844048023224,23242.0,99.0,0.17156814489073818,0.2313924925172945,0.7414594268995783,0.7802993859687232,,15
46550.0,872.4735940900998,2017-12-03 07:50:00,1173.5849100351336,23351.0,99.0,0.15540293908624248,0.21305234290931147,0.7294120166159908,0.7777062194135507,,13
46565.0,872.3180729503332,2017-12-03 08:05:00,1161.0407537221906,23307.5,99.0,0.15978588855620518,0.21727543522789602,0.7354070578140084,0.7746740371586198,,11
46580.0,884.0339988127432,2017-12-03 08:20:00,1115.425529718399,23446.5,99.0,0.1756722647790396,0.2368136466476026,0.7418164758066236,0.7817624429605339,,12
46595.0,886.8333793285402,2017-12-03 08:35:00,1117.7686755657196,23526.0,100.0,0.17634462518695412,0.2366214368418572,0.7452605627816034,0.7896291771881392,,13
46610.0,886.4186562891631,2017-12-03 08:50:00,1133.2833943367004,23702.0,100.0,0.17077637282600006,0.2319091090135129,0.7363935532866425,0.7986919793447762,,15
46625.0,882.5824681749226,2017-12-03 09:05:00,1119.9280558824541,23708.5,99.0,0.17444792265077355,0.2375383266327349,0.7343990551911762,0.7870034486177385,,14
46640.0,893.3134268188115,2017-12-03 09:20:00,1118.7981131076813,23828.5,99.0,0.17651218428631513,0.2392231022219577,0.7378559288247267,0.7861934396740234,,12
46655.0,886.1594543895523,2017-12-03 09:35:00,1084.513842344284,23626.0,100.0,0.18710070048448973,0.25242354669064376,0.7412173029713028,0.7912413465254906,,12
46670.0,887.7665061671395,2017-12-03 09:50:00,1178.94024848938,23907.0,100.0,0.15762435285242002,0.21614806720447427,0.7292424812816329,0.8180990621443499,,15
46685.0,887.8701869269838,2017-12-03 10:05:00,1115.626540184021,23754.5,100.0,0.1771234458804433,0.2398380490889237,0.7385127028563009,0.7919684836878639,,13
46700.0,895.3352016357761,2017-12-03 10:20:00,982.0458060503006,23826.5,100.0,0.23581148801664945,0.3104606945284541,0.7595534383984219,0.7945891560556774,,10
46715.0,896.5793707539083,2017-12-03 10:35:00,1171.727045416832,23777.5,100.0,0.16125971437762307,0.21763219675987927,0.7409736095047841,0.8048701190879332,,12
46730.0,900.2600377283821,2017-12-03 10:50:00,948.0458060503006,24017.5,101.0,0.2544408362984372,0.335798707904372,0.757718330384095,0.8002300351950438,,10
46745.0,904.6146296418443,2017-12-03 11:05:00,1023.0579986572266,24113.5,101.0,0.21933117061881147,0.289514023577661,0.7575839260165468,0.8020625702228878,,13
46760.0,908.5544985159293,2017-12-03 11:20:00,1056.815358042717,24168.5,101.0,0.20491851351485327,0.2719326338439935,0.7535635227672384,0.8003570094891018,,10
46775.0,907.7768928170966,2017-12-03 11:35:00,1020.9574934244156,24095.0,101.0,0.22086752477608187,0.2904835026052615,0.7603444698070139,0.7973471232576383,,10
46790.0,902.696535584724,2017-12-03 11:50:00,1220.8813734054565,24087.5,102.0,0.1492315776565177,0.2030741555167149,0.734862480539699,0.7983287574250318,,15
46805.0,902.2818125453467,2017-12-03 12:05:00,1147.6681703329084,24242.0,101.0,0.1696181437473754,0.23128402512719715,0.7333759590792839,0.8039823884741761,,11
46820.0,899.3269108897833,2017-12-03 12:20:00,1135.2833943367004,24171.0,101.0,0.17315867518307096,0.235665446951014,0.7347648007943404,0.7993395536010098,,14
46835.0,897.3051360728184,2017-12-03 12:35:00,1015.7442903518677,24120.5,101.0,0.22234272385127327,0.29378349332537057,0.7568251072738956,0.7914554771231049,,11
46850.0,904.8219911615332,2017-12-03 12:50:00,1219.8103057146072,24159.5,101.0,0.14987803169138206,0.2040390108837204,0.7345557648130135,0.8035618861264973,,15
46865.0,910.5762733328937,2017-12-03 13:05:00,974.5310872793198,24193.5,102.0,0.2447417300727337,0.3201232150144452,0.7645235290470581,0.7951652617629414,,9
46880.0,911.5612405514148,2017-12-03 13:20:00,1053.6854152679443,24383.0,102.0,0.20896169055317906,0.27597838266483393,0.7571668785629332,0.8070808894657278,,14
46895.0,920.7888281775612,2017-12-03 13:35:00,1064.614347577095,24475.5,102.0,0.20548620753406885,0.27136685852645764,0.7572266143694715,0.7970112591084387,,13
46910.0,912.5980481498584,2017-12-03 13:50:00,1111.1412589550016,24420.0,102.0,0.182770078511472,0.2485518358996573,0.7353398853398854,0.8027576092588551,,14
46925.0,918.6633726007519,2017-12-03 14:05:00,1130.4133371114729,24518.5,102.0,0.17723535214459624,0.2411177684315319,0.7350572017048351,0.797839502951544,,11
46940.0,917.5747246223863,2017-12-03 14:20:00,1130.2123266458514,24465.5,102.0,0.1773967771980968,0.2406821490386822,0.7370583065950012,0.8016067272121923,,13
46955.0,919.6483398192732,2017-12-03 14:35:00,1168.2123266458514,24322.5,102.0,0.1657581877329826,0.2239620876668872,0.7401171754548258,0.802731812756875,,13
46970.0,921.72195501616,2017-12-03 14:50:00,1100.655977725983,24373.5,102.0,0.18763818765581666,0.252827650330535,0.7421584918046239,0.8056527491615741,,12
46985.0,925.1952604709453,2017-12-03 15:05:00,1187.0823838710785,24645.5,102.0,0.16123026575404414,0.2197787895266204,0.7336024832119454,0.8084101247041982,,15
47000.0,926.0765469296222,2017-12-03 15:20:00,1157.325024485588,24531.0,102.0,0.1705240125242109,0.2301518280779851,0.7409196526843586,0.8036712154015234,,12
47015.0,922.8624433744476,2017-12-03 15:35:00,1166.5971026420593,24642.0,103.0,0.16751482179465807,0.22753280998037506,0.7362227091956822,0.796599614624687,,13
47125.0,926.9578333882988,2017-12-03 17:25:00,1146.6976078748705,24647.5,103.0,0.17299223737141078,0.2355509858637045,0.7344152550968658,0.7990495672807357,,14
47140.0,936.7556651935887,2017-12-03 17:40:00,1141.2833943367004,24772.5,103.0,0.17660077315427036,0.2389971402875805,0.7389242103138561,0.8040516162980328,,13
47155.0,926.8023122485324,2017-12-03 17:55:00,1139.7686755657194,24874.5,102.0,0.17573555859083975,0.2406194832480785,0.7303463386198717,0.8078555741253346,,11
47885.0,1021.2554844667239,2017-12-04 06:05:00,1090.1706964969637,27107.5,108.0,0.21269754769604785,0.28662252804586485,0.7420824495065941,0.8516775257355734,,8
47900.0,1011.8205353208892,2017-12-04 06:20:00,1144.1118214130404,27191.5,108.0,0.19201034502809086,0.2610394128709232,0.7355607450857805,0.8458830196430791,,10
47915.0,1014.1015120374648,2017-12-04 06:35:00,1139.626540184021,27209.0,108.0,0.19435684211755166,0.26326755200759033,0.7382483736998787,0.8502264860571873,,9
47930.0,1001.3487785766112,2017-12-04 06:50:00,1094.0285611152651,27138.0,108.0,0.20918429564566832,0.2849248853258456,0.7341734836760262,0.8558701083029459,,8
47945.0,1008.3472298661039,2017-12-04 07:05:00,1170.8397432565691,27293.5,109.0,0.18274356166360864,0.2501924406343308,0.7304120028578233,0.8355169970158154,,9
47960.0,1006.1699339093727,2017-12-04 07:20:00,1175.2833943367004,27404.5,108.0,0.1812414799255532,0.2493139311625249,0.7269609005820212,0.8667774751487288,,10
47975.0,998.6012384407362,2017-12-04 07:35:00,1169.6681703329084,27390.5,109.0,0.18214539040355,0.2515848473739158,0.7239918950000913,0.8564087203795979,,7
47990.0,1002.2819054152104,2017-12-04 07:50:00,1132.8986183404922,27420.5,109.0,0.19549232522710727,0.26847456008263315,0.7281595886289455,0.8466997863732992,,12
48005.0,995.3352945056397,2017-12-04 08:05:00,1155.626540184021,27405.5,108.0,0.1859258649756753,0.2578769822658468,0.7209866632610242,0.8548666422153904,,7
48020.0,1003.7334360530307,2017-12-04 08:20:00,1145.0407537221906,27400.5,108.0,0.19121491298538693,0.2626191936671309,0.7281071513293553,0.8618502674248569,,10
48035.0,1001.1932574368446,2017-12-04 08:35:00,1122.4133371114729,27263.0,109.0,0.19851349603716487,0.2719429913554872,0.7299820269229359,0.855575359896667,,11
48050.0,997.4089097025264,2017-12-04 08:50:00,1129.0407537221906,27401.0,109.0,0.19621938026982125,0.2701201858259877,0.7264150943396226,0.8518354794256526,,11
48065.0,1000.6230132577008,2017-12-04 09:05:00,1122.2712017297742,27473.5,109.0,0.1988531250923561,0.2741121061802186,0.7254445192640181,0.8505073788207501,,8
48080.0,997.616271222215,2017-12-04 09:20:00,1175.8691807985304,27399.5,109.0,0.17980218942739432,0.2490201475581111,0.7220387233343674,0.8558467134734359,,11
48095.0,1000.5193324978565,2017-12-04 09:35:00,1131.3838995695116,27337.0,109.0,0.19556453996366624,0.2683741788101074,0.72870102791089,0.8457391835425191,,8
48110.0,1074.6510757865578,2017-12-04 09:50:00,1277.650925397873,28442.5,110.0,0.16244601237508158,0.2189541610737493,0.741917904544256,0.8539427607309703,,18
48125.0,1080.3535175779964,2017-12-04 10:05:00,1389.7341856956482,28722.5,112.0,0.1366296626712598,0.18688249374138105,0.7310993123857603,0.8596433798467616,,17
48140.0,1093.9356971176046,2017-12-04 10:20:00,1410.5037376880646,29030.0,111.0,0.13348826378720174,0.18336161151426453,0.7280055115397864,0.8927324051872437,,15
48155.0,1091.499199261263,2017-12-04 10:35:00,1387.2905346155167,28927.5,113.0,0.1374999217023688,0.1888799764962021,0.7279751101892663,0.8609480338580868,,12
48170.0,1077.8651793417323,2017-12-04 10:50:00,1343.3910398483274,28877.0,112.0,0.14584291432873364,0.20107452074819007,0.7253177269106902,0.8588750065564927,,13
48185.0,1104.1482519622716,2017-12-04 11:05:00,1311.1067690849306,29080.0,112.0,0.15949559101677654,0.21258281175029164,0.7502751031636864,0.8643216496135107,,12
48200.0,1111.3540647714533,2017-12-04 11:20:00,1247.7098004817965,29151.0,112.0,0.17726981978813566,0.2353077053250736,0.7533532297348291,0.8685780872383957,,13
48215.0,1114.4126471868612,2017-12-04 11:35:00,1397.1900293827055,29291.5,112.0,0.13904413018555226,0.1885560712652825,0.7374152911254118,0.863661792954239,,17
48230.0,1129.705559263901,2017-12-04 11:50:00,1294.6631180047991,29353.0,113.0,0.16889958719921794,0.2200639005286036,0.7675024699349301,0.8615167375679892,,14
48245.0,1135.0969587758063,2017-12-04 12:05:00,1342.1189616918566,29344.0,113.0,0.15429229514373224,0.2047138158703989,0.7536975190839694,0.8648621040498762,,15
48260.0,1144.1690252621859,2017-12-04 12:20:00,1405.1900293827055,29522.5,114.0,0.1410738979051643,0.1878853318403579,0.7508510458125158,0.8632123478185733,,15
48275.0,1144.480067541719,2017-12-04 12:35:00,1309.449914932251,29419.0,114.0,0.1644799593309022,0.2156055751706907,0.7628743329141031,0.8623298487899999,,15
48290.0,1144.3763867818748,2017-12-04 12:50:00,1328.3788472414014,29660.0,114.0,0.15868992920242714,0.21122100658083284,0.7512980445043829,0.8390003168681054,,14
48305.0,1145.5168751401625,2017-12-04 13:05:00,1345.9940712451935,29664.0,115.0,0.15593341699564794,0.2057563667879054,0.7578546386192018,0.8602590403110214,,13
48320.0,1145.5168751401625,2017-12-04 13:20:00,1352.0357013940813,29628.5,114.0,0.15298589308243066,0.20367757231988126,0.7511180113741837,0.8582289358778076,,13
48335.0,1159.3064161994596,2017-12-04 13:35:00,1389.6336804628372,29646.0,114.0,0.1478259300592031,0.19291913466137545,0.7662585171692641,0.8695751627640194,,19
48350.0,1158.476970120705,2017-12-04 13:50:00,1410.947388768196,29781.0,115.0,0.14135468295082226,0.18798686283780733,0.7519391558376146,0.8722162789438066,,16
48365.0,1161.5873929160348,2017-12-04 14:05:00,1296.7219930887222,29852.5,114.0,0.17236192062307,0.22309858587812764,0.772581860815677,0.8462483032487095,,15
48380.0,1162.3131582349451,2017-12-04 14:20:00,1337.93519616127,29774.5,114.0,0.15884950905784095,0.20901823879453266,0.7599791768123729,0.8629337882485464,,15
48395.0,1160.6542660774358,2017-12-04 14:35:00,1451.2316595315933,29934.5,114.0,0.13393816843775816,0.1786110748680286,0.7498872538375453,0.8534910591909511,,17
48410.0,1159.8766603786032,2017-12-04 14:50:00,1229.8519358634946,29703.0,114.0,0.19163573359967687,0.24677690952532755,0.7765545567787766,0.8328582676262621,,13
48425.0,1168.9487268649827,2017-12-04 15:05:00,1432.6042429208755,29667.0,113.0,0.13900521129769075,0.1816481710634772,0.7652442107392052,0.8188320327693613,,17
48440.0,1165.7864636897305,2017-12-04 15:20:00,1304.4793524742124,29464.5,114.0,0.1704398917510458,0.2175877898829588,0.783315515281101,0.7998026117068869,,16
48455.0,1161.9502755754902,2017-12-04 15:35:00,1324.76362323761,29601.5,113.0,0.164544397507952,0.21195652666804354,0.7763120112156479,0.8731737241002923,,17
48470.0,1162.1057967152565,2017-12-04 15:50:00,1291.9940712451935,29559.0,114.0,0.17444251617007536,0.2225248720641834,0.7839236780675937,0.8538892532086128,,23
48485.0,1158.5288105006266,2017-12-04 16:05:00,1335.93519616127,29771.0,114.0,0.1614941371309424,0.20961989695349176,0.7704141614322663,0.8239291236713938,,16
48500.0,1178.9020798100391,2017-12-04 16:20:00,1262.4793524742124,29846.5,115.0,0.1834511130130499,0.2353177602090422,0.7795888965205301,0.8096236380811668,,15
48515.0,1175.3250935954095,2017-12-04 16:35:00,1331.7758158445356,29903.5,114.0,0.16500197118535553,0.21187008374696867,0.7787884361362383,0.8691173702264176,,14
48530.0,1170.970501681947,2017-12-04 16:50:00,1309.2072743177416,30138.0,114.0,0.17109896229279178,0.22095685165849632,0.7743546353440839,0.8726633336366901,,16
48545.0,1177.3468684123739,2017-12-04 17:05:00,1292.8224983215332,30323.5,115.0,0.17624902494181713,0.2279876848316352,0.7730637954062031,0.8451524063949737,,15
48560.0,1182.4272256447466,2017-12-04 17:20:00,1369.9768263101578,29899.5,114.0,0.1566112397806368,0.2001922901956414,0.7823040519072225,0.820658783571311,,16
48575.0,1178.4873567706618,2017-12-04 17:35:00,1295.3077795505526,30137.5,115.0,0.17669679647877515,0.22572057069680765,0.7828121111571962,0.8795109516364363,,16
48590.0,1171.3333843414025,2017-12-04 17:50:00,1342.0184564590456,29967.0,115.0,0.16237080093049133,0.20909139235460591,0.7765542096305936,0.8818862160147929,,14
49325.0,1322.2407302948354,2017-12-05 06:05:00,1454.5037376880646,33698.0,121.0,0.1526914375954057,0.20016323286742324,0.7628345895898866,0.8214109671431229,,15
49340.0,1308.3993488556164,2017-12-05 06:20:00,1476.160591840744,33964.5,121.0,0.14717713259253928,0.19586997844674192,0.7514021993552091,0.8360588655821077,,17
49355.0,1290.3588966427021,2017-12-05 06:35:00,1498.6875032186508,33815.5,122.0,0.14172010144186165,0.18919232112699205,0.749079564105218,0.8501414899468525,,15
49370.0,1311.7171331706356,2017-12-05 06:50:00,1405.3910398483276,34096.0,122.0,0.16447233231045905,0.21692966006952968,0.7581827780384796,0.8420879030452967,,17
49385.0,1302.3340244047224,2017-12-05 07:05:00,1490.060086607933,33878.0,122.0,0.1447413005192053,0.1917432412063127,0.7548704173800106,0.8860973410257941,,16
49400.0,1304.9778837807535,2017-12-05 07:20:00,1482.6458730697632,33990.5,122.0,0.14662984224821576,0.19430883637185087,0.7546226151424663,0.8435334961324109,,17
49415.0,1299.63832464877,2017-12-05 07:35:00,1581.2144145965576,34078.0,121.0,0.126616697587968,0.17127833520176142,0.7392452608721172,0.8465840376377858,,17
49430.0,1296.2686999538291,2017-12-05 07:50:00,1628.6530133485794,34288.0,122.0,0.1185403134056338,0.16244071163009294,0.7297451003266449,0.8267216213940846,,18
49445.0,1298.2904747707935,2017-12-05 08:05:00,1457.8174459934235,34215.5,123.0,0.1516610348893135,0.2023142476999223,0.7496310151831772,0.8865841731797194,,18
49460.0,1296.579742233362,2017-12-05 08:20:00,1711.0377893447876,34243.0,121.0,0.107320523456289,0.14698142961699415,0.7301638291037584,0.8664107749836354,,22
49475.0,1291.7585869006004,2017-12-05 08:35:00,1593.3565499782562,34188.5,122.0,0.12409042099622228,0.169224784931366,0.7332875089576905,0.8747801415530697,,18
49490.0,1290.099694743091,2017-12-05 08:50:00,1479.959581375122,34387.0,122.0,0.14528651606208806,0.1972897140080963,0.7364120161689011,0.8729573768849507,,14
49505.0,1297.8757517314166,2017-12-05 09:05:00,1543.6580656766891,34183.5,121.0,0.13286058397742748,0.1802702987831144,0.7370076206356868,0.8522937693322025,,16
49520.0,1297.5647094518833,2017-12-05 09:20:00,1612.895653963089,34215.0,122.0,0.12070115820762438,0.16527754944866804,0.7302937308198159,0.8393833403297003,,17
49535.0,1294.402446276631,2017-12-05 09:35:00,1548.971773982048,34824.0,122.0,0.1327728830539586,0.1823902045115897,0.7279606018837583,0.8766863443376856,,16
49550.0,1297.2536671723506,2017-12-05 09:50:00,1628.8540238142014,35100.0,124.0,0.1180326847502359,0.1662465534292362,0.7099857549857549,0.8864964172133172,,15
49565.0,1333.749294637557,2017-12-05 10:05:00,1574.7118884325027,35607.5,124.0,0.13240027449743408,0.18044677910042997,0.7337358702520537,0.8844062022852782,,16
49580.0,1325.5066742299325,2017-12-05 10:20:00,1586.4276176691055,35147.5,124.0,0.1280852253673301,0.17549460904778227,0.7298527633544348,0.8913320032386243,,13
49595.0,1352.4118314095379,2017-12-05 10:35:00,1683.883461356163,35755.5,124.0,0.11565154093686975,0.1584632856993829,0.7298317741326509,0.8815689985140469,,25
49610.0,1342.7695207440145,2017-12-05 10:50:00,1393.7341856956482,35223.0,124.0,0.17070900626337873,0.2278643067915337,0.7491695766970445,0.8792121591431821,,17
49625.0,1357.699550161599,2017-12-05 11:05:00,1482.5037376880646,35427.0,124.0,0.15155799391773686,0.2025595144876321,0.7482146385525165,0.886040197842752,,15
49640.0,1349.9234931732738,2017-12-05 11:20:00,1632.184977054596,35579.0,124.0,0.12273781957859245,0.16782816613323367,0.7313302790972203,0.8475878616032444,,17
49655.0,1350.9603007717171,2017-12-05 11:35:00,1576.4864927530289,35545.5,124.0,0.13206191402688391,0.17972727243304948,0.7347906204723523,0.8433319321750451,,16
49670.0,1341.991915045182,2017-12-05 11:50:00,1446.5037376880646,34971.0,123.0,0.1590515567428357,0.2100287728298798,0.7572846072460039,0.8412120480387405,,13
49685.0,1353.707840907592,2017-12-05 12:05:00,1437.1900293827055,35420.5,123.0,0.16198361588273488,0.2154944851220436,0.7516833472141838,0.8474219353714029,,13
49700.0,1367.2381800672779,2017-12-05 12:20:00,1410.0184564590454,35617.5,124.0,0.1717377986168746,0.2251249877529915,0.7628553379658876,0.8397571821012044,,20
49715.0,1370.3486028626082,2017-12-05 12:35:00,1629.2560447454453,35883.5,124.0,0.1256435742307043,0.16987363447966233,0.7396296347903633,0.8519053157540232,,26
49730.0,1364.0240765121034,2017-12-05 12:50:00,1595.9423364400864,36100.5,124.0,0.13174295378734902,0.1781101583447315,0.7396711956898104,0.8757247451012671,,18
49745.0,1371.540931600818,2017-12-05 13:05:00,1732.3514976501465,36277.0,124.0,0.1104033064113752,0.151903995550537,0.7267965928825426,0.8842033063146212,,24
49760.0,1350.1826950728846,2017-12-05 13:20:00,1549.17278444767,36025.0,124.0,0.1367859557545772,0.18863146423942595,0.7251492019430951,0.8711146858167099,,18
49775.0,1375.843683134358,2017-12-05 13:35:00,1680.0255967378616,36526.5,125.0,0.11804878145798008,0.1626245569754251,0.7258976359629309,0.8848666490028939,,23
49790.0,1369.052593364554,2017-12-05 13:50:00,1675.0377893447876,36405.5,124.0,0.11836544728383686,0.16305256890766318,0.7259342681737649,0.8840395182210982,,21
